Compound,Date,Negative,Neutral,Positive,Text,Tweets Ago,User
-0.5707,Mon Jun 04 19:03:02 +0000 2018,0.178,0.822,0.0,"Versailles is back! Tonight, Madame de Montespan finds out how to hurt a former friend...  

#Versailles | 9pm |‚Ä¶ https://t.co/5nEGyPoAp6",1,BBC
-0.4767,Mon Jun 04 18:31:05 +0000 2018,0.171,0.829,0.0,"The story of a group of working-class women conducting a dangerous campaign for the vote.

Suffragettes with‚Ä¶ https://t.co/RKwQbGQMdu",2,BBC
-0.5859,Mon Jun 04 18:02:05 +0000 2018,0.231,0.769,0.0,The moment a dancing off-duty FBI agent drops his gun performing backflip and accidentally shoots man in leg. https://t.co/FIu2mCjlyP,3,BBC
0.0,Mon Jun 04 17:01:13 +0000 2018,0.0,1.0,0.0,"üì∏ From #Manhattanhenge to the world's largest freshwater pearl, here are some of the most striking news photos take‚Ä¶ https://t.co/5Tp0s3MG7n",4,BBC
0.0,Mon Jun 04 16:01:04 +0000 2018,0.0,1.0,0.0,"ü§∑‚Äç‚ôÄÔ∏èüòÇ When @CubaGoodingJr took over @BBCBreakfast.
 https://t.co/XSPs0MOKoN",5,BBC
-0.4215,Mon Jun 04 13:03:05 +0000 2018,0.135,0.865,0.0,"üßî Bearded men have been taking pictures of themselves from below and it's freaking people out...
üëâ‚Ä¶ https://t.co/FQ9t0swX2t",6,BBC
0.5411,Mon Jun 04 12:34:04 +0000 2018,0.0,0.83,0.17,RT @bbcdoctorwho: Every episode of #DoctorWho since 2005 is now available to watch on @BBCiPlayer‚Ä¶ Enjoy! https://t.co/uNWq307bei https://t‚Ä¶,7,BBC
0.6369,Mon Jun 04 12:01:05 +0000 2018,0.0,0.755,0.245,"‚ù§Ô∏è Ethan Hawke will be forever grateful to Robin Williams for helping launch his career.
#TheGNShow https://t.co/uYMvKQvuev",8,BBC
0.0,Mon Jun 04 11:05:00 +0000 2018,0.0,1.0,0.0,"Would you describe yourself as a feminist?

#HearHer https://t.co/4UZzAu2IRO",9,BBC
0.9183,Mon Jun 04 10:18:03 +0000 2018,0.048,0.578,0.374,"RT @BBCSpringwatch: Surely this is the only way to react to chicks fledging?! üòÇ We sure are excited here at #Springwatch HQ! 

Thanks for c‚Ä¶",10,BBC
0.7263,Mon Jun 04 08:00:15 +0000 2018,0.123,0.529,0.348,"üí° Brilliant idea! 

Plastic waste is being being recycled in to amazing furniture. https://t.co/cb0lSVhAFX",11,BBC
0.0,Mon Jun 04 07:24:07 +0000 2018,0.0,1.0,0.0,"üìö Every story in the world has one of these six basic plots. 
üëâ https://t.co/eoZXHpOX4q https://t.co/YC6oLjIn1O",12,BBC
0.2006,Mon Jun 04 07:00:15 +0000 2018,0.119,0.715,0.166,üì∏ü¶ä This photographer captures foxes in their most natural of habitats - the darkness. https://t.co/bkNUknwSAC,13,BBC
0.1779,Sun Jun 03 20:42:07 +0000 2018,0.165,0.683,0.153,RT @BBCTwo: Here's why @MrNishKumar wants The Spice Girls to stop right now. üòÇ #LiveAtTheApollo https://t.co/Beqy2kfFah,14,BBC
0.0,Sun Jun 03 20:03:08 +0000 2018,0.0,1.0,0.0,"A documentary about the trial of Jeremy Thorpe, which has remained unseen for nearly 40 years. 

The Jeremy Thorpe‚Ä¶ https://t.co/jLEcBHG1Cx",15,BBC
0.3818,Sun Jun 03 19:02:06 +0000 2018,0.0,0.867,0.133,"Comedian @frankieboyle is heading to Russia before the World Cup tournament begins. 

Frankie Goes to Russia | 9pm‚Ä¶ https://t.co/moLB9EGm1Q",16,BBC
0.0,Sun Jun 03 18:03:06 +0000 2018,0.0,1.0,0.0,"Meet the bees who make their own cologne! üêùüá≤üáΩ

https://t.co/wGqJoNINS2",17,BBC
0.0,Sun Jun 03 17:04:02 +0000 2018,0.0,1.0,0.0,"ü¶Å Be a zoo keeper for the day
üö≤ Ride a bicycle made for two 
ü¶à Swim with sharks 

An eight-year-old boy has created‚Ä¶ https://t.co/PkrSoRzoXB",18,BBC
0.0516,Sun Jun 03 16:10:18 +0000 2018,0.086,0.818,0.095,"ü¶ãüè∞üé• Lotte Reiniger, a forgotten pioneer of animation, was the first person to create an animated feature film in co‚Ä¶ https://t.co/GKBkpKVFjt",19,BBC
0.4574,Sun Jun 03 15:06:04 +0000 2018,0.0,0.572,0.428,"üíç‚ù§Ô∏è Guess that's a yes!
https://t.co/xLR4N7qtaZ",20,BBC
-0.5707,Mon Jun 04 19:03:02 +0000 2018,0.178,0.822,0.0,"Versailles is back! Tonight, Madame de Montespan finds out how to hurt a former friend...  

#Versailles | 9pm |‚Ä¶ https://t.co/5nEGyPoAp6",21,BBC
-0.4767,Mon Jun 04 18:31:05 +0000 2018,0.171,0.829,0.0,"The story of a group of working-class women conducting a dangerous campaign for the vote.

Suffragettes with‚Ä¶ https://t.co/RKwQbGQMdu",22,BBC
-0.5859,Mon Jun 04 18:02:05 +0000 2018,0.231,0.769,0.0,The moment a dancing off-duty FBI agent drops his gun performing backflip and accidentally shoots man in leg. https://t.co/FIu2mCjlyP,23,BBC
0.0,Mon Jun 04 17:01:13 +0000 2018,0.0,1.0,0.0,"üì∏ From #Manhattanhenge to the world's largest freshwater pearl, here are some of the most striking news photos take‚Ä¶ https://t.co/5Tp0s3MG7n",24,BBC
0.0,Mon Jun 04 16:01:04 +0000 2018,0.0,1.0,0.0,"ü§∑‚Äç‚ôÄÔ∏èüòÇ When @CubaGoodingJr took over @BBCBreakfast.
 https://t.co/XSPs0MOKoN",25,BBC
-0.4215,Mon Jun 04 13:03:05 +0000 2018,0.135,0.865,0.0,"üßî Bearded men have been taking pictures of themselves from below and it's freaking people out...
üëâ‚Ä¶ https://t.co/FQ9t0swX2t",26,BBC
0.5411,Mon Jun 04 12:34:04 +0000 2018,0.0,0.83,0.17,RT @bbcdoctorwho: Every episode of #DoctorWho since 2005 is now available to watch on @BBCiPlayer‚Ä¶ Enjoy! https://t.co/uNWq307bei https://t‚Ä¶,27,BBC
0.6369,Mon Jun 04 12:01:05 +0000 2018,0.0,0.755,0.245,"‚ù§Ô∏è Ethan Hawke will be forever grateful to Robin Williams for helping launch his career.
#TheGNShow https://t.co/uYMvKQvuev",28,BBC
0.0,Mon Jun 04 11:05:00 +0000 2018,0.0,1.0,0.0,"Would you describe yourself as a feminist?

#HearHer https://t.co/4UZzAu2IRO",29,BBC
0.9183,Mon Jun 04 10:18:03 +0000 2018,0.048,0.578,0.374,"RT @BBCSpringwatch: Surely this is the only way to react to chicks fledging?! üòÇ We sure are excited here at #Springwatch HQ! 

Thanks for c‚Ä¶",30,BBC
0.7263,Mon Jun 04 08:00:15 +0000 2018,0.123,0.529,0.348,"üí° Brilliant idea! 

Plastic waste is being being recycled in to amazing furniture. https://t.co/cb0lSVhAFX",31,BBC
0.0,Mon Jun 04 07:24:07 +0000 2018,0.0,1.0,0.0,"üìö Every story in the world has one of these six basic plots. 
üëâ https://t.co/eoZXHpOX4q https://t.co/YC6oLjIn1O",32,BBC
0.2006,Mon Jun 04 07:00:15 +0000 2018,0.119,0.715,0.166,üì∏ü¶ä This photographer captures foxes in their most natural of habitats - the darkness. https://t.co/bkNUknwSAC,33,BBC
0.1779,Sun Jun 03 20:42:07 +0000 2018,0.165,0.683,0.153,RT @BBCTwo: Here's why @MrNishKumar wants The Spice Girls to stop right now. üòÇ #LiveAtTheApollo https://t.co/Beqy2kfFah,34,BBC
0.0,Sun Jun 03 20:03:08 +0000 2018,0.0,1.0,0.0,"A documentary about the trial of Jeremy Thorpe, which has remained unseen for nearly 40 years. 

The Jeremy Thorpe‚Ä¶ https://t.co/jLEcBHG1Cx",35,BBC
0.3818,Sun Jun 03 19:02:06 +0000 2018,0.0,0.867,0.133,"Comedian @frankieboyle is heading to Russia before the World Cup tournament begins. 

Frankie Goes to Russia | 9pm‚Ä¶ https://t.co/moLB9EGm1Q",36,BBC
0.0,Sun Jun 03 18:03:06 +0000 2018,0.0,1.0,0.0,"Meet the bees who make their own cologne! üêùüá≤üáΩ

https://t.co/wGqJoNINS2",37,BBC
0.0,Sun Jun 03 17:04:02 +0000 2018,0.0,1.0,0.0,"ü¶Å Be a zoo keeper for the day
üö≤ Ride a bicycle made for two 
ü¶à Swim with sharks 

An eight-year-old boy has created‚Ä¶ https://t.co/PkrSoRzoXB",38,BBC
0.0516,Sun Jun 03 16:10:18 +0000 2018,0.086,0.818,0.095,"ü¶ãüè∞üé• Lotte Reiniger, a forgotten pioneer of animation, was the first person to create an animated feature film in co‚Ä¶ https://t.co/GKBkpKVFjt",39,BBC
0.4574,Sun Jun 03 15:06:04 +0000 2018,0.0,0.572,0.428,"üíç‚ù§Ô∏è Guess that's a yes!
https://t.co/xLR4N7qtaZ",40,BBC
0.4404,Sun Jun 03 13:03:08 +0000 2018,0.0,0.828,0.172,Cow cuddling is the new wellness trend coming to a field near you... üêÆüíï https://t.co/jEwRFBzUJe https://t.co/zUzKHQ69oU,41,BBC
0.632,Sun Jun 03 13:00:15 +0000 2018,0.0,0.812,0.188,RT @BBCOne: This audience member made Aidan Turner his own knitted Poldark doll - and it's so cute! #TheGNShow https://t.co/94h7BfhoPk,42,BBC
0.0,Sun Jun 03 12:03:08 +0000 2018,0.0,1.0,0.0,The one and only Jeff Goldblum reveals how to do 'the look' that every Jurassic Park actor does when they first see‚Ä¶ https://t.co/H8dOEmsDMr,43,BBC
0.5994,Sun Jun 03 11:03:08 +0000 2018,0.0,0.83,0.17,These beautiful black and white photographs of London remained hidden in a loft for 30 years before they were disco‚Ä¶ https://t.co/F4PDR8kW81,44,BBC
0.743,Sun Jun 03 10:30:00 +0000 2018,0.0,0.76,0.24,"The Queen loves the Highland pony and has set up a breeding programme to ensure they continue to survive. ‚ù§Ô∏è 

Coun‚Ä¶ https://t.co/S7fUN1WmK0",45,BBC
0.8271,Sun Jun 03 10:04:05 +0000 2018,0.0,0.508,0.492,"These adorable baby hares snuggle together for warmth and comfort. üê∞üíï
https://t.co/LgJsY4XuHD",46,BBC
0.0,Sun Jun 03 08:03:02 +0000 2018,0.0,1.0,0.0,"This incredible cafe is run by teenagers with autism. ‚òïÔ∏èüç∞ü•™

https://t.co/D6HJgLYXxa",47,BBC
0.6858,Sun Jun 03 07:32:06 +0000 2018,0.067,0.688,0.245,"Intuition has fallen out of favour in an age of rational, analytical thinking. But should you still trust your gut?‚Ä¶ https://t.co/pl8SydpXfy",48,BBC
0.0,Sun Jun 03 07:04:03 +0000 2018,0.0,1.0,0.0,"Remembering the people of Bunce Island, who were sold into the British slave trade. 

https://t.co/HV5AWuWA29",49,BBC
0.5574,Sun Jun 03 06:31:32 +0000 2018,0.076,0.695,0.228,RT @bbcweather: Today will be fine and warm with plenty of sunshine for the majority of the country apart for an isolated heavy shower. Sco‚Ä¶,50,BBC
0.0,Sat Jun 02 19:10:08 +0000 2018,0.0,1.0,0.0,"Women are more likely to wait longer for a health diagnosis and to be told it‚Äôs ‚Äòall in their heads‚Äô.
üëâ‚Ä¶ https://t.co/9u3Pb6hQpT",51,BBC
0.6249,Sat Jun 02 19:02:05 +0000 2018,0.0,0.733,0.267,"A once-in-a-lifetime conversation with Eileen Atkins, Judi Dench, Maggie Smith and Joan Plowright. ‚ú®

Nothing Like‚Ä¶ https://t.co/JxH075mKLm",52,BBC
0.0,Sat Jun 02 17:29:00 +0000 2018,0.0,1.0,0.0,"Not long to go now...‚öΩÔ∏è

#HistoryWillBeMade https://t.co/Q2BX0nK5vg",53,BBC
0.296,Sat Jun 02 17:05:04 +0000 2018,0.086,0.779,0.135,A project to provide free sanitary products to women from low income households in Aberdeen is to be rolled out acr‚Ä¶ https://t.co/wfdK5nWCsC,54,BBC
-0.3612,Sat Jun 02 17:04:03 +0000 2018,0.263,0.737,0.0,üçΩÔ∏èü§£ When you‚Äôre too polite to complain. https://t.co/CrzNNixuaY,55,BBC
0.0,Sat Jun 02 16:04:07 +0000 2018,0.0,1.0,0.0,üåèüí´ 13.8 billion years of our universe's history packed into four minutes. https://t.co/EBGmVry69j,56,BBC
0.9337,Sat Jun 02 15:46:29 +0000 2018,0.0,0.53,0.47,RT @BBCShakespeare: Turns out even #Shakespeare acting legends love a good get together. üé≠ Tag those special friends you share everything w‚Ä¶,57,BBC
-0.3412,Sat Jun 02 15:02:06 +0000 2018,0.131,0.869,0.0,"Anthony Hopkins. Emma Thompson. William Shakespeare...

üëë It really doesn't get much better than this.  
#KingLear https://t.co/wQBYFQIIlf",58,BBC
-0.7845,Sat Jun 02 14:04:04 +0000 2018,0.257,0.743,0.0,"üì± Are health apps actually bad for your health?

'The danger is when we reduce our self-worth to a number.'
üëâ‚Ä¶ https://t.co/AOWkdvf3TY",59,BBC
0.5093,Sat Jun 02 13:09:14 +0000 2018,0.0,0.888,0.112,"RT @BBCSpringwatch: BREAKING NEWS! üö®

Our wrens have started to fledge the nest üòç Stay up to date at https://t.co/gIA23qZAHX
#Springwatch h‚Ä¶",60,BBC
-0.4767,Sat Jun 02 13:01:05 +0000 2018,0.171,0.829,0.0,"In 1966, a group of schoolchildren made some sad and uncannily accurate predictions about the future. https://t.co/gNGkpeyoZ9",61,BBC
0.4939,Sat Jun 02 12:02:03 +0000 2018,0.0,0.849,0.151,"ü§îüëî This men's T-shirt shirt is selling for ¬£935 and it's left loads of people pretty baffled.
üëâ‚Ä¶ https://t.co/yONjwKqdkz",62,BBC
0.0,Sat Jun 02 11:06:03 +0000 2018,0.0,1.0,0.0,ü¶Ü Swans have been borrowing items from @SteveBackshall to build their nests for the last few years.  https://t.co/d5S5PG9Ygi,63,BBC
0.4199,Sat Jun 02 09:00:14 +0000 2018,0.0,0.782,0.218,"üì∏üê∂ Call the puparazzi, these divas are ready to shine! üíéhttps://t.co/zYrpgXF69z",64,BBC
0.0,Sat Jun 02 08:01:03 +0000 2018,0.0,1.0,0.0,"üôå‚ù§Ô∏è Take us back to @NiallOfficial at #BiggestWeekend.

There's still time to catch up on this incredible set + lot‚Ä¶ https://t.co/sP2h8cjgsw",65,BBC
-0.4019,Sat Jun 02 07:51:56 +0000 2018,0.119,0.881,0.0,"RT @bbcmusic: We knew @TaylorSwift13 was trouble when she touched down in Swansea üòÖüòç

Watch her showstopping @BBCR1 #BiggestWeekend set in‚Ä¶",66,BBC
0.0,Fri Jun 01 19:06:04 +0000 2018,0.0,1.0,0.0,üé§‚ù§Ô∏è #BTS are on the lips and screens of fans everywhere as the #Kpop band smash records in real life and on social‚Ä¶ https://t.co/h7KwxeZQm5,67,BBC
0.4588,Fri Jun 01 18:01:07 +0000 2018,0.0,0.667,0.333,üòà Cute...but deadly. https://t.co/lhpd0watrN,68,BBC
0.0,Fri Jun 01 16:33:00 +0000 2018,0.0,1.0,0.0,Leaving work on a Friday like... üëãüíÉ#FridayFeeling @Camila_Cabello https://t.co/oJUssdSPfb,69,BBC
0.0,Fri Jun 01 16:04:04 +0000 2018,0.0,1.0,0.0,üß†üéû A film where the plot changes depending on the viewer‚Äôs brain activity has been developed. https://t.co/7UCYCO7Xyz,70,BBC
0.4588,Fri Jun 01 15:29:31 +0000 2018,0.0,0.842,0.158,RT @BBCScotland: Watch one of Scotland's best-known structures appear from the mist in this stunning timelapse https://t.co/h0mUFTKcmQ,71,BBC
0.6249,Fri Jun 01 14:24:40 +0000 2018,0.0,0.797,0.203,"RT @bbcgetinspired: Meet the Nawaz family and hear how #SuperMovers is helping them get a better night‚Äôs sleep. 

Remember to check out Sup‚Ä¶",72,BBC
0.1779,Fri Jun 01 13:00:21 +0000 2018,0.115,0.7,0.185,"A natural hair dye based on the blackcurrant waste from the production of Ribena has been created by scientists.
üëâ‚Ä¶ https://t.co/4e001z6rPc",73,BBC
0.5719,Fri Jun 01 12:32:03 +0000 2018,0.0,0.684,0.316,"Smithy knows how to celebrate #nationalfishandchipday properly. üòÇüçü

https://t.co/FFV75BsW0Q",74,BBC
0.0,Fri Jun 01 12:01:05 +0000 2018,0.0,1.0,0.0,"üåΩüçîüåÆ Vegan junk food, anyone? 
#MillionPoundMenu https://t.co/MY5i9Xph5H",75,BBC
0.0772,Fri Jun 01 11:10:46 +0000 2018,0.0,0.947,0.053,RT @BBCTwo: Want to learn some quick Swedish and Danish? Here‚Äôs the cast of #TheBridge with some everyday phrases you might need‚Ä¶ ‚ò†üò± https:‚Ä¶,76,BBC
-0.6369,Fri Jun 01 11:00:16 +0000 2018,0.252,0.688,0.06,üò¢ @NatGeoMag has published a selection of startling photos highlighting the vast amounts of discarded plastic choki‚Ä¶ https://t.co/vdjw1nnW36,77,BBC
0.0,Fri Jun 01 10:28:25 +0000 2018,0.0,1.0,0.0,"RT @BBCBreakfast: Come on then, who wants to get their hands on the world's largest freshwater pearl? üôãüôã‚Äç‚ôÇÔ∏è https://t.co/C0QV5sHSRx",78,BBC
0.0,Fri Jun 01 10:01:36 +0000 2018,0.0,1.0,0.0,"üé∂ Won‚Äôt you listen to the man that‚Äôs‚Ä¶ reading you a #BedtimeStory! 
 
üìö Catch @george_ezra tonight on #CBeebies! https://t.co/mcCzqePrQ7",79,BBC
0.0,Fri Jun 01 08:20:46 +0000 2018,0.0,1.0,0.0,"RT @BBC6Music: Which Biggest Weekend sets will you be watching back on iPlayer?

We asked Neneh (@misscherrylala), @Hanpeel, @Franz_Ferdina‚Ä¶",80,BBC
0.4404,Fri Jun 01 08:00:05 +0000 2018,0.129,0.612,0.259,"This guy is INCREDIBLE üòÇ
#Hardball https://t.co/HiI4Uxe5TZ",81,BBC
0.0,Fri Jun 01 07:33:03 +0000 2018,0.0,1.0,0.0,The 1960s counterculture fuelled an artistic explosion in the US ‚Äì but were the flower children merely privileged?‚Ä¶ https://t.co/T81ZRLcQQr,82,BBC
0.3182,Fri Jun 01 07:00:15 +0000 2018,0.198,0.496,0.306,Is individualism to be celebrated or lamented? https://t.co/85gs317qM5,83,BBC
-0.7003,Thu May 31 19:02:02 +0000 2018,0.244,0.756,0.0,"'There's nothing a man can do that a woman cannot do'. 

Meet the Nigerian girls fighting out of poverty. ü•ä

https://t.co/d0fm8HShEK",84,BBC
0.6041,Thu May 31 18:03:07 +0000 2018,0.0,0.768,0.232,"Did @PanicAtTheDisco's @BrendonUrie just reveal he was almost in The Greatest Showman? üò±üé∂

https://t.co/7YXvyrTfHw",85,BBC
0.802,Thu May 31 17:02:06 +0000 2018,0.0,0.745,0.255,"üòç A baby tamandua called Poco has been born at @ZSLLondonZoo and we're in love. 
üëâ https://t.co/RM8LMd1PXm https://t.co/vI4Jkn6iVG",86,BBC
0.0,Thu May 31 16:03:03 +0000 2018,0.0,1.0,0.0,"Introducing: the little owl! ü¶â üíö

Less nocturnal than other owls, you can often see these birds during the day.

https://t.co/Tn8nNXr5Wd",87,BBC
-0.3612,Thu May 31 15:57:37 +0000 2018,0.135,0.865,0.0,"RT @bbcthree: We asked people how debt has made them feel. 

More #debtweek content here: https://t.co/UJmBR9F7ij https://t.co/eEycLWdPlu",88,BBC
0.0,Thu May 31 15:34:05 +0000 2018,0.0,1.0,0.0,"RT @BBCSport: #AnnounceVR = ‚úÖ

#AnnounceUltraHD = ‚úÖ 

#bbcworldcup #worldcup https://t.co/PQuzRhjh7L",89,BBC
0.3612,Thu May 31 15:34:00 +0000 2018,0.0,0.8,0.2,This is what London looked like 2000 years ago.  #LondonHistoryDay https://t.co/oR66LdjZfs,90,BBC
-0.4019,Thu May 31 15:27:30 +0000 2018,0.109,0.891,0.0,"RT @BBC3CR: For the first time in the history of Luton International Carnival, a group of blind and visually impaired people have taken par‚Ä¶",91,BBC
0.4215,Thu May 31 15:02:07 +0000 2018,0.0,0.887,0.113,"""Goodbye my friend..."" üá¨üáß üß°

On this day 20 years ago, @GeriHalliwell announced that she was leaving the Spice Girl‚Ä¶ https://t.co/NZtZJfNyBF",92,BBC
0.1027,Thu May 31 13:59:09 +0000 2018,0.0,0.897,0.103,üéßüé§ South Korean boy band @BTS_twt have this week become the first #Kpop artists to reach number one on the US album‚Ä¶ https://t.co/pb9roPNAKU,93,BBC
0.8271,Thu May 31 13:03:35 +0000 2018,0.0,0.726,0.274,"RT @BBCR1: Who's been enjoying @AdeleRoberts' Tune of the Week from @BTS_twt? üòç

Make sure you're listening tomorrow morning to hear her pl‚Ä¶",94,BBC
-0.8176,Thu May 31 13:03:02 +0000 2018,0.374,0.584,0.043,"'No one's life should end because of debt.'
A debt counsellor writes: 'No matter how big the problem, there's alway‚Ä¶ https://t.co/DNgWWkaTFN",95,BBC
0.0,Thu May 31 12:09:57 +0000 2018,0.0,1.0,0.0,"Will you marry me? üíç 
Will you marry me? üíç

This double marriage proposal video gives us all the feels. https://t.co/xLR4N7qtaZ",96,BBC
0.0,Thu May 31 12:05:02 +0000 2018,0.0,1.0,0.0,"When a hedgehog causes carnage. üòÇü¶î #CarShare @peterkay_co_uk
https://t.co/8gbgEKhFqf",97,BBC
0.743,Thu May 31 11:00:15 +0000 2018,0.0,0.751,0.249,"üòãüçΩ Feast your eyes on fantastic, healthy lunch recipes to keep you fuller for longer.
üëâ https://t.co/qfzdu7Umdp https://t.co/iWjOuhR8dE",98,BBC
-0.6705,Thu May 31 10:01:31 +0000 2018,0.2,0.8,0.0,"Japanese hunters caught and killed 122 pregnant minke whales as part of its Antarctic summer 'field survey'.
üëâ‚Ä¶ https://t.co/vZxb1v7EGc",99,BBC
0.0,Thu May 31 09:23:26 +0000 2018,0.0,1.0,0.0,"RT @BBCR1: ‚ö°Ô∏è ‚ÄúNick Grimshaw and Greg James to swap Radio 1 shows‚Äù

https://t.co/mUcM0Nkrpo",100,BBC
0.0,Mon Jun 04 17:00:00 +0000 2018,0.0,1.0,0.0,"The #TonyAwards are just days away, and @joshgroban and @SaraBareilles will bring all they've got to Broadway's Big‚Ä¶ https://t.co/eKkWn6ClSq",1,CBS
-0.3903,Fri Jun 01 17:39:17 +0000 2018,0.131,0.807,0.062,"Call us old-fashioned, but we donut want you missing out on #NationalDonutDay! Here are a few treats from us to you‚Ä¶ https://t.co/HpzN8bQ3SO",2,CBS
0.8442,Fri Jun 01 17:00:03 +0000 2018,0.0,0.664,0.336,Remember @Lin_Manuel‚Äôs beautiful sonnet from the 70th Annual Tony Awards¬Æ? Relive some of the greatest moments in‚Ä¶ https://t.co/IZjeQLd58C,3,CBS
0.8932,Thu May 31 23:50:00 +0000 2018,0.0,0.545,0.455,"Good friends @joshgroban and @SaraBareilles are hosting the #TonyAwards together? Well, this is bound to be fun! https://t.co/26Vgzp0s2e",4,CBS
0.4926,Wed May 30 15:07:34 +0000 2018,0.0,0.849,0.151,"The #TonyAwards just got even better because @UzoAduba, @MattBomer, and more stars will be presenting live! Find ou‚Ä¶ https://t.co/hfFBtWo1T9",5,CBS
0.0,Mon May 28 21:00:01 +0000 2018,0.0,1.0,0.0,"Mark your calendars. @SalvationCBS returns Monday, June 25 at 9/8c! ‚òÑÔ∏è https://t.co/N9pYuhYLRF",6,CBS
0.0,Mon May 28 02:08:19 +0000 2018,0.0,1.0,0.0,RT @thegoodfight: All episodes of season 2 are now available. Stream #TheGoodFight on CBS All Access: https://t.co/k3tn8kR9KC https://t.co/‚Ä¶,7,CBS
0.6239,Wed May 23 23:07:38 +0000 2018,0.0,0.797,0.203,Get the popcorn ready! üçø  It's going to be an unforgettable @survivorcbs finale. Make sure to tune in TONIGHT at 8/‚Ä¶ https://t.co/vp0JyqfXMQ,8,CBS
0.5859,Wed May 23 19:02:43 +0000 2018,0.0,0.826,0.174,"RT @StrangeAngel: Every brilliant mind has a dark side. #StrangeAngel launches June 14, only on CBS All Access. https://t.co/y0MZg1BzEB htt‚Ä¶",9,CBS
0.1139,Tue May 22 23:19:40 +0000 2018,0.0,0.917,0.083,Prepare yourself. The @NCIS_CBS season finale is unlike any other. Don't miss it TONIGHT at 8/7c. https://t.co/MOH6uiFc0C,10,CBS
0.0,Tue May 22 20:02:22 +0000 2018,0.0,1.0,0.0,"Summer heats up with @CBSBigBrother, @SalvationCBS, and the brand-new competition series @TKOCBS. Find out when you‚Ä¶ https://t.co/DxE7OnKs17",11,CBS
0.0,Mon May 21 23:00:01 +0000 2018,0.0,1.0,0.0,Who‚Äôs going to be watching the season finale of @ManWithAPlan tonight? RT if you'll be tuning in at 8:30/7:30c! https://t.co/ARLRtVuGuc,12,CBS
0.3382,Sun May 20 20:00:00 +0000 2018,0.061,0.808,0.131,The season finale of @MadamSecretary will leave you speechless! Make sure to tune in tonight at 10/9c. https://t.co/hqxkLZsWpl,13,CBS
0.1867,Sun May 20 17:00:01 +0000 2018,0.0,0.92,0.08,The @NCISLA season finale is going to be a wild ride. Don't miss all of the action starting TONIGHT at 8/7c! https://t.co/PNtUuVf9VQ,14,CBS
0.4199,Sat May 19 08:00:01 +0000 2018,0.0,0.715,0.285,Retweet if you're ready for the #RoyalWedding! https://t.co/k57NM7OrXn,15,CBS
0.0,Fri May 18 21:00:01 +0000 2018,0.0,1.0,0.0,It's going down (literally) on the Season Finale of @HawaiiFive0CBS when a submarine appears off the coast of Waiki‚Ä¶ https://t.co/oD7Le5XUz6,16,CBS
0.3595,Fri May 18 14:00:03 +0000 2018,0.0,0.849,0.151,"The #RoyalWedding is finally here, and you're invited! Join @CBSThisMorning‚Äôs @GayleKing and @etnow‚Äôs @KevinFrazier‚Ä¶ https://t.co/Q5xiRkXLUz",17,CBS
0.7177,Thu May 17 23:44:27 +0000 2018,0.0,0.739,0.261,When the @LifeInPiecesCBS season finale is back-to-back episodes. üëè Get ready for double the laughs at 9/8c! https://t.co/SYW5UzXobv,18,CBS
0.1867,Thu May 17 21:19:59 +0000 2018,0.0,0.907,0.093,Rules were made to be broken.üí• Don't miss the heart-pounding season finale of @swatcbs TONIGHT at 10/9c! https://t.co/NXLbeIrvcp,19,CBS
0.0,Thu May 17 19:12:51 +0000 2018,0.0,1.0,0.0,"Is it fall yet? Check out the first looks at our new fall shows and stars from the CBS Upfront!

https://t.co/l7GQVRzRFw",20,CBS
0.0,Mon Jun 04 17:00:00 +0000 2018,0.0,1.0,0.0,"The #TonyAwards are just days away, and @joshgroban and @SaraBareilles will bring all they've got to Broadway's Big‚Ä¶ https://t.co/eKkWn6ClSq",21,CBS
-0.3903,Fri Jun 01 17:39:17 +0000 2018,0.131,0.807,0.062,"Call us old-fashioned, but we donut want you missing out on #NationalDonutDay! Here are a few treats from us to you‚Ä¶ https://t.co/HpzN8bQ3SO",22,CBS
0.8442,Fri Jun 01 17:00:03 +0000 2018,0.0,0.664,0.336,Remember @Lin_Manuel‚Äôs beautiful sonnet from the 70th Annual Tony Awards¬Æ? Relive some of the greatest moments in‚Ä¶ https://t.co/IZjeQLd58C,23,CBS
0.8932,Thu May 31 23:50:00 +0000 2018,0.0,0.545,0.455,"Good friends @joshgroban and @SaraBareilles are hosting the #TonyAwards together? Well, this is bound to be fun! https://t.co/26Vgzp0s2e",24,CBS
0.4926,Wed May 30 15:07:34 +0000 2018,0.0,0.849,0.151,"The #TonyAwards just got even better because @UzoAduba, @MattBomer, and more stars will be presenting live! Find ou‚Ä¶ https://t.co/hfFBtWo1T9",25,CBS
0.0,Mon May 28 21:00:01 +0000 2018,0.0,1.0,0.0,"Mark your calendars. @SalvationCBS returns Monday, June 25 at 9/8c! ‚òÑÔ∏è https://t.co/N9pYuhYLRF",26,CBS
0.0,Mon May 28 02:08:19 +0000 2018,0.0,1.0,0.0,RT @thegoodfight: All episodes of season 2 are now available. Stream #TheGoodFight on CBS All Access: https://t.co/k3tn8kR9KC https://t.co/‚Ä¶,27,CBS
0.6239,Wed May 23 23:07:38 +0000 2018,0.0,0.797,0.203,Get the popcorn ready! üçø  It's going to be an unforgettable @survivorcbs finale. Make sure to tune in TONIGHT at 8/‚Ä¶ https://t.co/vp0JyqfXMQ,28,CBS
0.5859,Wed May 23 19:02:43 +0000 2018,0.0,0.826,0.174,"RT @StrangeAngel: Every brilliant mind has a dark side. #StrangeAngel launches June 14, only on CBS All Access. https://t.co/y0MZg1BzEB htt‚Ä¶",29,CBS
0.1139,Tue May 22 23:19:40 +0000 2018,0.0,0.917,0.083,Prepare yourself. The @NCIS_CBS season finale is unlike any other. Don't miss it TONIGHT at 8/7c. https://t.co/MOH6uiFc0C,30,CBS
0.0,Tue May 22 20:02:22 +0000 2018,0.0,1.0,0.0,"Summer heats up with @CBSBigBrother, @SalvationCBS, and the brand-new competition series @TKOCBS. Find out when you‚Ä¶ https://t.co/DxE7OnKs17",31,CBS
0.0,Mon May 21 23:00:01 +0000 2018,0.0,1.0,0.0,Who‚Äôs going to be watching the season finale of @ManWithAPlan tonight? RT if you'll be tuning in at 8:30/7:30c! https://t.co/ARLRtVuGuc,32,CBS
0.3382,Sun May 20 20:00:00 +0000 2018,0.061,0.808,0.131,The season finale of @MadamSecretary will leave you speechless! Make sure to tune in tonight at 10/9c. https://t.co/hqxkLZsWpl,33,CBS
0.1867,Sun May 20 17:00:01 +0000 2018,0.0,0.92,0.08,The @NCISLA season finale is going to be a wild ride. Don't miss all of the action starting TONIGHT at 8/7c! https://t.co/PNtUuVf9VQ,34,CBS
0.4199,Sat May 19 08:00:01 +0000 2018,0.0,0.715,0.285,Retweet if you're ready for the #RoyalWedding! https://t.co/k57NM7OrXn,35,CBS
0.0,Fri May 18 21:00:01 +0000 2018,0.0,1.0,0.0,It's going down (literally) on the Season Finale of @HawaiiFive0CBS when a submarine appears off the coast of Waiki‚Ä¶ https://t.co/oD7Le5XUz6,36,CBS
0.3595,Fri May 18 14:00:03 +0000 2018,0.0,0.849,0.151,"The #RoyalWedding is finally here, and you're invited! Join @CBSThisMorning‚Äôs @GayleKing and @etnow‚Äôs @KevinFrazier‚Ä¶ https://t.co/Q5xiRkXLUz",37,CBS
0.7177,Thu May 17 23:44:27 +0000 2018,0.0,0.739,0.261,When the @LifeInPiecesCBS season finale is back-to-back episodes. üëè Get ready for double the laughs at 9/8c! https://t.co/SYW5UzXobv,38,CBS
0.1867,Thu May 17 21:19:59 +0000 2018,0.0,0.907,0.093,Rules were made to be broken.üí• Don't miss the heart-pounding season finale of @swatcbs TONIGHT at 10/9c! https://t.co/NXLbeIrvcp,39,CBS
0.0,Thu May 17 19:12:51 +0000 2018,0.0,1.0,0.0,"Is it fall yet? Check out the first looks at our new fall shows and stars from the CBS Upfront!

https://t.co/l7GQVRzRFw",40,CBS
0.5562,Thu May 17 13:00:00 +0000 2018,0.0,0.854,0.146,How many shows can you binge in a month? Find out with a 1 month free trial of CBS All Access! Use code STREAMITALL‚Ä¶ https://t.co/yccQppCaxC,41,CBS
0.75,Thu May 17 00:00:00 +0000 2018,0.0,0.758,0.242,"Save the dates! The CBS Fall lineup is here, and we're welcoming six new shows in addition to returning hits. Which‚Ä¶ https://t.co/f9PSQfpHL7",42,CBS
0.5574,Wed May 16 22:56:24 +0000 2018,0.0,0.841,0.159,What happens when the friendliest guy in the Midwest moves his family next door to a not-so-friendly new LA neighbo‚Ä¶ https://t.co/KtEoNE3deL,43,CBS
0.3802,Wed May 16 22:56:24 +0000 2018,0.0,0.89,0.11,"When @MurphyBrownCBS returns to the news world, things sure won't be what they used to be! The revival of the groun‚Ä¶ https://t.co/jJcgyqyDxL",44,CBS
0.34,Wed May 16 22:56:23 +0000 2018,0.0,0.888,0.112,"When decorated former Navy SEAL Thomas Magnum returns home to Hawaii, he embarks on a new mission: solving cases in‚Ä¶ https://t.co/6n2MWY3c2f",45,CBS
0.5859,Wed May 16 22:56:23 +0000 2018,0.0,0.826,0.174,The ordinary turns extraordinary for this suburban couple when an exuberant young pop star unexpectedly moves in wi‚Ä¶ https://t.co/9xaAUSm5nm,46,CBS
0.8398,Wed May 16 22:56:23 +0000 2018,0.0,0.6,0.4,An outspoken atheist's life takes a surprising turn when he accepts a social media friend request from God! Watch w‚Ä¶ https://t.co/EbVbL0SNDk,47,CBS
-0.4588,Wed May 16 22:56:23 +0000 2018,0.26,0.577,0.163,"When danger threatens the nation, these elite agents risk their lives to keep it safe. Join them on the case when n‚Ä¶ https://t.co/LuSY0jXBf9",48,CBS
0.0,Wed May 16 22:56:22 +0000 2018,0.0,1.0,0.0,Meet the new shows coming to CBS this fall!,49,CBS
0.7777,Wed May 16 21:46:07 +0000 2018,0.0,0.772,0.228,So much TV to love! ‚ù§Ô∏è Be sure to follow the shows of the CBS 2018-2019 primetime lineup and stay up-to-date on the‚Ä¶ https://t.co/lQwGtznj5i,50,CBS
0.296,Wed May 16 18:05:27 +0000 2018,0.0,0.905,0.095,"Every mission leaves its mark. Join us in the final mission to avenge Echo Team's deaths, tonight at 9/8c during th‚Ä¶ https://t.co/SlfprTVDgD",51,CBS
0.6369,Wed May 16 13:52:57 +0000 2018,0.0,0.766,0.234,"Get ready for three new comedies, five new dramas and the return of the critically acclaimed @MurphyBrownCBS. Here'‚Ä¶ https://t.co/alHwUTRFKh",52,CBS
0.46,Wed May 16 13:24:14 +0000 2018,0.0,0.857,0.143,"RT @happytogether: When an international pop star moves into your house, life gets a little more interesting! @wayansjr, @AmberoniStevens a‚Ä¶",53,CBS
0.8122,Wed May 16 13:23:26 +0000 2018,0.0,0.67,0.33,"RT @TheNeighborhood: You can‚Äôt pick your neighbors, but Calvin sure wishes he could! @CedEntertainer stars in the new comedy #TheNeighborho‚Ä¶",54,CBS
-0.2057,Tue May 15 20:16:38 +0000 2018,0.109,0.821,0.07,Tonight's the night - Agent Dwayne Pride's fate will be revealed. Don't miss the special two-hour season finale of‚Ä¶ https://t.co/52amkSiNcA,55,CBS
0.4199,Mon May 14 20:59:11 +0000 2018,0.0,0.859,0.141,"Donuts down, hands up! Get ready for a dramatic turn on the finale of @SuperiorDonuts TONIGHT at 9/8c. üç©https://t.co/f5VSqOlRYu",56,CBS
0.0,Mon May 14 18:17:23 +0000 2018,0.0,1.0,0.0,"RT @MagnumPICBS: Thomas Magnum is back on the case! @jay_hernandez stars in #MagnumPI, coming to #CBS. https://t.co/R1aURqMawD",57,CBS
0.4939,Mon May 14 18:16:12 +0000 2018,0.0,0.856,0.144,"RT @GodFriendedMe: You never know who's going to send you a friend request. #GodFriendedMe, the new drama series starring @hall_m_brandon a‚Ä¶",58,CBS
-0.3612,Mon May 14 18:15:36 +0000 2018,0.122,0.878,0.0,RT @TheRedLineCBS: Three Chicago families‚Äô lives converge in the wake of a mistaken shooting. From acclaimed producers @ava and @GBerlanti‚Ä¶,59,CBS
0.6476,Mon May 14 18:15:08 +0000 2018,0.082,0.674,0.243,"RT @FamCBS: No family is perfect, especially this #FAM! @ninadobrev, @toneBell and @odessaadlon star in the new #CBS comedy #FAM. https://t‚Ä¶",60,CBS
0.9081,Mon May 14 18:14:46 +0000 2018,0.0,0.592,0.408,"RT @TheCodeCBS: Their code is honor, courage and commitment. They pursue military justice at home and abroad. #TheCode coming to #CBS. http‚Ä¶",61,CBS
-0.762,Mon May 14 18:14:22 +0000 2018,0.303,0.586,0.111,RT @FBICBS: Meet the FBI agents who are investigating the most dangerous cases threatening our nation. From Emmy Winner Dick Wolf and the t‚Ä¶,62,CBS
0.3612,Mon May 14 18:13:58 +0000 2018,0.0,0.8,0.2,RT @MurphyBrownCBS: The ground-breaking comedy returns. #MurphyBrown coming to #CBS. https://t.co/di8GXoVPjh,63,CBS
-0.34,Mon May 14 14:42:00 +0000 2018,0.264,0.604,0.132,RT @StrangeAngel: Play with fire. üî• #StrangeAngel launches June 14 on #CBSAllAccess. https://t.co/xiFSkVz1vB https://t.co/Aw3kGeHyj4,64,CBS
0.7351,Sun May 13 13:16:14 +0000 2018,0.0,0.733,0.267,"Happy #MothersDay to the moms who comfort us, understand us, and keep us centered. We ‚ù§Ô∏è you. https://t.co/4YDmZrTGIC",65,CBS
0.7245,Fri May 11 23:00:40 +0000 2018,0.0,0.748,0.252,The more the merrier! CBS has ordered five more shows that just might become your new favorites next season:‚Ä¶ https://t.co/2g5OSj2xPu,66,CBS
0.128,Fri May 11 20:55:08 +0000 2018,0.09,0.791,0.119,Thinking about the @BlueBloods_CBS season finale like‚Ä¶ Don‚Äôt miss the surprising reveal TONIGHT at 10/9c. https://t.co/8ExkPFpnFj,67,CBS
0.7263,Thu May 10 23:11:17 +0000 2018,0.0,0.747,0.253,"Double the @MomCBS, double the fun! Anyone else feel like they hit the jackpot with the back-to-back Season Finale‚Ä¶ https://t.co/ebq8WJLKGf",68,CBS
-0.0772,Thu May 10 19:24:10 +0000 2018,0.085,0.847,0.069,"2 suitors, 1 Meemaw and 1 Sheldon. You won‚Äôt want to miss the season finale of @YoungSheldon tonight at 8:30/7:30c. https://t.co/Hht2yRE7ly",69,CBS
0.6588,Thu May 10 18:03:26 +0000 2018,0.0,0.722,0.278,Broadway's Biggest Night is around the corner! Who are you hoping to see? #TonyAwards2018 ‚ú® https://t.co/KLT8QCxWcK,70,CBS
0.3182,Thu May 10 15:30:40 +0000 2018,0.0,0.905,0.095,"The big day is finally here, and you‚Äôre invited. üë∞ Make sure to tune in to the @bigbangtheory‚Äôs star-studded #ShAmy‚Ä¶ https://t.co/la9E6tvQ5b",71,CBS
0.8176,Wed May 09 21:35:00 +0000 2018,0.0,0.667,0.333,"Before the #ShAmy wedding tomorrow, the @bigbangtheory stars &amp; special guests play a game of ""yay or nay"" with thes‚Ä¶ https://t.co/ZpCM16qOyT",72,CBS
0.8395,Wed May 09 19:36:24 +0000 2018,0.0,0.609,0.391,Get ready for more laughs! Learn more about the two new comedies coming to CBS: https://t.co/cpT3fd2RH5 https://t.co/NGrcp803zW,73,CBS
-0.4599,Tue May 08 22:26:55 +0000 2018,0.2,0.8,0.0,"Goodbyes are never easy.  After 15 seasons, don‚Äôt miss Abby‚Äôs final episode of @NCIS_CBS tonight at 8/7c.  https://t.co/GTGj2YRJA1",74,CBS
0.4574,Tue May 08 19:55:32 +0000 2018,0.0,0.85,0.15,Will you be watching the @BullCBS Season 2 Finale tonight at 9/8c? RT if your answer is yes! https://t.co/OxnyEDVsKj,75,CBS
0.6597,Tue May 08 17:18:20 +0000 2018,0.075,0.683,0.242,RT @thegoodfight: Listening to #QueenBaranski read fan tweets is like poetry. üòç Warning: this video will give you ALL the feels. ‚ò∫Ô∏è‚ù§Ô∏è #TheG‚Ä¶,76,CBS
0.0,Mon May 07 17:50:20 +0000 2018,0.0,1.0,0.0,"RT @KevinCanWaitCBS: Season 2 of #KevinCanWait comes to a close tonight, and @KevinJames and @LeahRemini have A LOT to say about it. https:‚Ä¶",77,CBS
0.5093,Fri May 04 21:00:00 +0000 2018,0.0,0.87,0.13,Spend your Friday night with this dynamic duo! Tune in to the season finale of @MacGyverCBS at 8/7c on CBS and CBS‚Ä¶ https://t.co/AfWUVo4GSu,78,CBS
0.6996,Fri May 04 18:42:12 +0000 2018,0.0,0.775,0.225,RT @undercover_cbs: Get ready for the series premiere of #CelebrityBoss in just seven days! How would you react if your favorite celebrity‚Ä¶,79,CBS
0.5562,Fri May 04 14:48:42 +0000 2018,0.0,0.736,0.264,The force is strong on the set of @bigbangtheory! #MayThe4thBeWithYou https://t.co/uYyXKtuVCM,80,CBS
0.0,Wed May 02 19:04:01 +0000 2018,0.0,1.0,0.0,RT @thegoodfight: The fight's not over yet. #TheGoodFight is renewed for Season 3. https://t.co/gUrDeA5KQP,81,CBS
0.0,Tue May 01 23:10:50 +0000 2018,0.0,1.0,0.0,RT @TKOCBS: Both @hwventure and @janemun have been named Executive Producers and showrunners of #TKO: TOTAL KNOCK OUT! Learn more about the‚Ä¶,82,CBS
0.0,Tue May 01 17:58:51 +0000 2018,0.0,1.0,0.0,"RT @StrangeAngel: Sex. Magick. Rocket Science. #StrangeAngel launches June 14, only on CBS All Access. https://t.co/I3sqWMASxl https://t.co‚Ä¶",83,CBS
0.8268,Tue May 01 15:16:28 +0000 2018,0.0,0.701,0.299,"Broadway's Biggest Night will honor the best in theatre on Sunday, June 10! Here are the nominees for the‚Ä¶ https://t.co/tCiNaLGIvq",84,CBS
0.8777,Mon Apr 30 22:54:18 +0000 2018,0.0,0.627,0.373,We congratulate all of our CBS #DaytimeEmmy Award winners! Check out the stars who joined @TheTalkCBS hosts to cele‚Ä¶ https://t.co/JfUFINmYGH,85,CBS
0.0,Mon Apr 30 13:28:01 +0000 2018,0.0,1.0,0.0,RT @KevinJames: Getting the band back together @AdamSandler @chrisrock @MikeDelguidice1 @KevinCanWaitCBS #KevinCanWait https://t.co/Mo5EWck‚Ä¶,86,CBS
0.3818,Mon Apr 30 02:22:08 +0000 2018,0.0,0.86,0.14,See all of the stunning fashion looks from the @CBSDaytime stars on the #DaytimeEmmys red carpet:‚Ä¶ https://t.co/iJN1ssGPvZ,87,CBS
0.8356,Sun Apr 29 15:30:00 +0000 2018,0.0,0.67,0.33,The 45th annual #DaytimeEmmys are here! Congratulations to all of the wonderful @CBSDaytime stars and shows nominat‚Ä¶ https://t.co/xZhDSYnxL6,88,CBS
0.0,Thu Apr 26 23:40:24 +0000 2018,0.0,1.0,0.0,These stars are going undercover for #CelebrityBoss! Find out more about Celebrity @undercover_cbs premiering May 1‚Ä¶ https://t.co/Deyn76ADT9,89,CBS
0.75,Wed Apr 25 21:48:49 +0000 2018,0.0,0.687,0.313,"New courage. New hope. New season. 

Season 3 of @CodeBlackCBS premieres TONIGHT at 10/9c on CBS! https://t.co/rR8xUCKlzI",90,CBS
0.5719,Wed Apr 25 18:09:50 +0000 2018,0.0,0.837,0.163,Celebrate #DNADay by letting your forensic flag fly and revisit some classic episodes of @CSI_CBS on CBS All Access‚Ä¶ https://t.co/YCbHDK2r4b,91,CBS
0.6239,Wed Apr 25 16:55:33 +0000 2018,0.0,0.779,0.221,"Get ready for big reveals, dramatic conclusions, and huge guest stars! Find out more about the 2017-2018 season fin‚Ä¶ https://t.co/xcBChnjEvH",92,CBS
0.6696,Mon Apr 23 21:03:22 +0000 2018,0.0,0.776,0.224,Who‚Äôs ready to see these moves? üï∫ Tune in to the @latelateshow‚Äôs Carpool Karaoke Primetime Special TONIGHT at 10/9c! https://t.co/gjrURqXaPN,93,CBS
0.4019,Sun Apr 22 16:00:03 +0000 2018,0.0,0.863,0.137,"The 53rd #ACMawards turned into one big party when @KeithUrban and @juliamichaels performed their upbeat single ""Co‚Ä¶ https://t.co/Q3Zj3EzuNs",94,CBS
-0.4019,Fri Apr 20 22:00:01 +0000 2018,0.105,0.895,0.0,A blind date was all it took. Learn more about Meghan Markle and her road to royalty from the people who know her b‚Ä¶ https://t.co/fEAMUblPQ4,95,CBS
0.0,Fri Apr 20 17:34:37 +0000 2018,0.0,1.0,0.0,RT @carrieunderwood: ICYMI! Watch Carrie‚Äôs performance of #CryPretty from the #ACMawards below! -TeamCU https://t.co/T9I3ko2xFu,96,CBS
0.0,Thu Apr 19 20:00:00 +0000 2018,0.0,1.0,0.0,There's a new addition to the cast of the upcoming revival of Murphy Brown!  Learn more about Tyne Daly's character‚Ä¶ https://t.co/ijSXSLyDaR,97,CBS
0.4877,Thu Apr 19 19:00:02 +0000 2018,0.0,0.826,0.174,"Country superstar @LukeBryanOnline delivers his moving anthem ""Most People Are Good"" at the 53rd #ACMawards:‚Ä¶ https://t.co/GhhAsEDqmq",98,CBS
0.4939,Thu Apr 19 17:08:44 +0000 2018,0.0,0.868,0.132,"Coming to CBS All Access June 14, #StrangeAngel is inspired by the real life story of Jack Parsons and explores the‚Ä¶ https://t.co/IsPrXRNXye",99,CBS
0.4199,Wed Apr 18 21:00:01 +0000 2018,0.0,0.872,0.128,When you realize there are TWO episodes of @CrimMinds_CBS tonight! üëè Who‚Äôs ready for the double-episode season fina‚Ä¶ https://t.co/CWVAHHeIGr,100,CBS
-0.1531,Mon Jun 04 21:06:05 +0000 2018,0.11,0.89,0.0,"The Koch brothers' conservative political network is launching an aggressive ""multi-year, multimillion-dollar"" camp‚Ä¶ https://t.co/bBYUEmqR0d",1,CNN
0.3818,Mon Jun 04 21:00:24 +0000 2018,0.0,0.86,0.14,"Mylan CEO Heather Bresch says the EpiPen controversy was a ""defining moment"" and made her a stronger leader.‚Ä¶ https://t.co/YsAoNRpOPM",2,CNN
-0.5267,Mon Jun 04 20:56:37 +0000 2018,0.289,0.588,0.123,Trump's executive privilege argument is a loser | By Andrew Wright and Norman Eisen via @CNNOpinion‚Ä¶ https://t.co/rCyswkhEDi,3,CNN
0.0,Mon Jun 04 20:47:57 +0000 2018,0.0,1.0,0.0,Howard Schultz will step down later this month as executive chairman of Starbucks ‚Äî and says he may consider runnin‚Ä¶ https://t.co/KDtL7lETy7,4,CNN
0.4767,Mon Jun 04 20:29:42 +0000 2018,0.0,0.846,0.154,"JUST IN: Howard Schultz is stepping down as Starbucks executive chairman effective June 26, the company says‚Ä¶ https://t.co/jLfzSTOiIY",5,CNN
-0.0191,Mon Jun 04 20:25:28 +0000 2018,0.076,0.924,0.0,Ronald Reagan's daughter says her father wouldn't have backed President Donald Trump https://t.co/3rLLflygm8 https://t.co/rd2dtGKgsV,6,CNN
-0.5574,Mon Jun 04 20:18:27 +0000 2018,0.235,0.765,0.0,White House press secretary Sarah Sanders repeatedly refused to account for the discrepancy between contradictory s‚Ä¶ https://t.co/R8zcHsXBHh,7,CNN
0.0,Mon Jun 04 20:16:47 +0000 2018,0.0,1.0,0.0,Patti Blagojevich is an absolute expert in how to make Donald Trump do what she wants | Analysis by @CillizzaCNN‚Ä¶ https://t.co/bgJekD5sM0,8,CNN
-0.7845,Mon Jun 04 20:07:45 +0000 2018,0.257,0.743,0.0,"RT @CNNnewsroom: Britt Harris, whose husband was killed in Afghanistan before their daughter was born, explains why she did a photo shoot w‚Ä¶",9,CNN
-0.3182,Mon Jun 04 20:07:33 +0000 2018,0.099,0.901,0.0,"When Toys ""R"" Us announced it would shut all of its US locations, employees were shocked to learn that they wouldn'‚Ä¶ https://t.co/uP0UklBXRx",10,CNN
-0.1174,Mon Jun 04 19:57:18 +0000 2018,0.113,0.798,0.09,Top Senate Democrats cautioned President Trump that they would not support lifting sanctions against North Korea un‚Ä¶ https://t.co/wxFIM9abu0,11,CNN
-0.4404,Mon Jun 04 19:50:01 +0000 2018,0.132,0.868,0.0,Secretary of State Mike Pompeo called on the Organization of American States to expel Venezuela and squeeze the cou‚Ä¶ https://t.co/cxhwPqXr1v,12,CNN
0.7506,Mon Jun 04 19:46:05 +0000 2018,0.0,0.701,0.299,"Fourth-grader Adam Kornowski wowed the crowd with a performance of John Lennon's ""Imagine"" during a school talent s‚Ä¶ https://t.co/NOAeuuw7TF",13,CNN
0.0397,Mon Jun 04 19:36:17 +0000 2018,0.092,0.809,0.098,"RT @CNNnewsroom: ""If the President thought there was nothing wrong with his staff meeting with the Russians to get dirt on Hillary Clinton‚Ä¶",14,CNN
-0.2023,Mon Jun 04 19:35:41 +0000 2018,0.079,0.921,0.0,The bodies of three women were found at the home of a Massachusetts man who has been charged in two separate kidnap‚Ä¶ https://t.co/YKSidIVlXb,15,CNN
0.0,Mon Jun 04 19:32:10 +0000 2018,0.0,1.0,0.0,Senate Majority Leader Mitch McConnell has a long list of things to do this summer https://t.co/0t0VLl2CeY https://t.co/znKqkGxdwA,16,CNN
0.3182,Mon Jun 04 19:30:55 +0000 2018,0.0,0.881,0.119,The Pentagon's Office of Inspector General has opened an investigation into allegations related to Rear Admiral Ron‚Ä¶ https://t.co/ItNxL5JPsd,17,CNN
0.872,Mon Jun 04 19:20:07 +0000 2018,0.0,0.595,0.405,Supreme Court Justice Anthony Kennedy tried to make clear that he was not retreating from his landmark 2015 decisio‚Ä¶ https://t.co/jcdGqWCbMb,18,CNN
-0.296,Mon Jun 04 19:10:24 +0000 2018,0.099,0.901,0.0,"RT @CNNPolitics: Reporter: ‚ÄúDoes the President believe he is above the law?‚Äù

Sanders: ‚ÄúCertainly no one is above the law‚Äù https://t.co/ZNF‚Ä¶",19,CNN
0.0,Mon Jun 04 19:07:52 +0000 2018,0.0,1.0,0.0,"RT @CuomoPrimeTime: President Trump's lawyer, Rudy Giuliani, joins @ChrisCuomo for the premiere of #CuomoPrimeTime 

Watch tonight at 9p ET‚Ä¶",20,CNN
-0.1531,Mon Jun 04 21:06:05 +0000 2018,0.11,0.89,0.0,"The Koch brothers' conservative political network is launching an aggressive ""multi-year, multimillion-dollar"" camp‚Ä¶ https://t.co/bBYUEmqR0d",21,CNN
0.3818,Mon Jun 04 21:00:24 +0000 2018,0.0,0.86,0.14,"Mylan CEO Heather Bresch says the EpiPen controversy was a ""defining moment"" and made her a stronger leader.‚Ä¶ https://t.co/YsAoNRpOPM",22,CNN
-0.5267,Mon Jun 04 20:56:37 +0000 2018,0.289,0.588,0.123,Trump's executive privilege argument is a loser | By Andrew Wright and Norman Eisen via @CNNOpinion‚Ä¶ https://t.co/rCyswkhEDi,23,CNN
0.0,Mon Jun 04 20:47:57 +0000 2018,0.0,1.0,0.0,Howard Schultz will step down later this month as executive chairman of Starbucks ‚Äî and says he may consider runnin‚Ä¶ https://t.co/KDtL7lETy7,24,CNN
0.4767,Mon Jun 04 20:29:42 +0000 2018,0.0,0.846,0.154,"JUST IN: Howard Schultz is stepping down as Starbucks executive chairman effective June 26, the company says‚Ä¶ https://t.co/jLfzSTOiIY",25,CNN
-0.0191,Mon Jun 04 20:25:28 +0000 2018,0.076,0.924,0.0,Ronald Reagan's daughter says her father wouldn't have backed President Donald Trump https://t.co/3rLLflygm8 https://t.co/rd2dtGKgsV,26,CNN
-0.5574,Mon Jun 04 20:18:27 +0000 2018,0.235,0.765,0.0,White House press secretary Sarah Sanders repeatedly refused to account for the discrepancy between contradictory s‚Ä¶ https://t.co/R8zcHsXBHh,27,CNN
0.0,Mon Jun 04 20:16:47 +0000 2018,0.0,1.0,0.0,Patti Blagojevich is an absolute expert in how to make Donald Trump do what she wants | Analysis by @CillizzaCNN‚Ä¶ https://t.co/bgJekD5sM0,28,CNN
-0.7845,Mon Jun 04 20:07:45 +0000 2018,0.257,0.743,0.0,"RT @CNNnewsroom: Britt Harris, whose husband was killed in Afghanistan before their daughter was born, explains why she did a photo shoot w‚Ä¶",29,CNN
-0.3182,Mon Jun 04 20:07:33 +0000 2018,0.099,0.901,0.0,"When Toys ""R"" Us announced it would shut all of its US locations, employees were shocked to learn that they wouldn'‚Ä¶ https://t.co/uP0UklBXRx",30,CNN
-0.1174,Mon Jun 04 19:57:18 +0000 2018,0.113,0.798,0.09,Top Senate Democrats cautioned President Trump that they would not support lifting sanctions against North Korea un‚Ä¶ https://t.co/wxFIM9abu0,31,CNN
-0.4404,Mon Jun 04 19:50:01 +0000 2018,0.132,0.868,0.0,Secretary of State Mike Pompeo called on the Organization of American States to expel Venezuela and squeeze the cou‚Ä¶ https://t.co/cxhwPqXr1v,32,CNN
0.7506,Mon Jun 04 19:46:05 +0000 2018,0.0,0.701,0.299,"Fourth-grader Adam Kornowski wowed the crowd with a performance of John Lennon's ""Imagine"" during a school talent s‚Ä¶ https://t.co/NOAeuuw7TF",33,CNN
0.0397,Mon Jun 04 19:36:17 +0000 2018,0.092,0.809,0.098,"RT @CNNnewsroom: ""If the President thought there was nothing wrong with his staff meeting with the Russians to get dirt on Hillary Clinton‚Ä¶",34,CNN
-0.2023,Mon Jun 04 19:35:41 +0000 2018,0.079,0.921,0.0,The bodies of three women were found at the home of a Massachusetts man who has been charged in two separate kidnap‚Ä¶ https://t.co/YKSidIVlXb,35,CNN
0.0,Mon Jun 04 19:32:10 +0000 2018,0.0,1.0,0.0,Senate Majority Leader Mitch McConnell has a long list of things to do this summer https://t.co/0t0VLl2CeY https://t.co/znKqkGxdwA,36,CNN
0.3182,Mon Jun 04 19:30:55 +0000 2018,0.0,0.881,0.119,The Pentagon's Office of Inspector General has opened an investigation into allegations related to Rear Admiral Ron‚Ä¶ https://t.co/ItNxL5JPsd,37,CNN
0.872,Mon Jun 04 19:20:07 +0000 2018,0.0,0.595,0.405,Supreme Court Justice Anthony Kennedy tried to make clear that he was not retreating from his landmark 2015 decisio‚Ä¶ https://t.co/jcdGqWCbMb,38,CNN
-0.296,Mon Jun 04 19:10:24 +0000 2018,0.099,0.901,0.0,"RT @CNNPolitics: Reporter: ‚ÄúDoes the President believe he is above the law?‚Äù

Sanders: ‚ÄúCertainly no one is above the law‚Äù https://t.co/ZNF‚Ä¶",39,CNN
0.0,Mon Jun 04 19:07:52 +0000 2018,0.0,1.0,0.0,"RT @CuomoPrimeTime: President Trump's lawyer, Rudy Giuliani, joins @ChrisCuomo for the premiere of #CuomoPrimeTime 

Watch tonight at 9p ET‚Ä¶",40,CNN
0.0,Mon Jun 04 19:02:07 +0000 2018,0.0,1.0,0.0,"Reporter: ""Does the President believe that he is above the law?""

White House press secretary Sarah Sanders: ""Certa‚Ä¶ https://t.co/UF17zwbJkC",41,CNN
0.7351,Mon Jun 04 19:00:17 +0000 2018,0.089,0.61,0.301,The Supreme Court hands a win to the Colorado baker who refused to design a cake for a same-sex wedding‚Ä¶ https://t.co/840U3IB7wW,42,CNN
-0.4767,Mon Jun 04 18:54:55 +0000 2018,0.147,0.853,0.0,White House press secretary Sarah Sanders: ‚ÄúThe President hasn‚Äôt done anything wrong and wouldn‚Äôt have any need for‚Ä¶ https://t.co/aDUDMVJ2If,43,CNN
-0.5574,Mon Jun 04 18:50:06 +0000 2018,0.153,0.847,0.0,A short-fin male pilot whale has died in Southern Thailand after ingesting more than 17 lbs of plastic bags and pac‚Ä¶ https://t.co/LSDoABxqL1,44,CNN
0.0,Mon Jun 04 18:45:26 +0000 2018,0.0,1.0,0.0,"The White House is holding a press briefing. Watch CNN: https://t.co/AXQKbzoDhs 

Watch on Facebook:‚Ä¶ https://t.co/MPGrQrRcNC",45,CNN
-0.2263,Mon Jun 04 18:40:06 +0000 2018,0.139,0.757,0.104,A US government fund that helps coal miners sickened with black lung disease is beset by billions of dollars in deb‚Ä¶ https://t.co/n3Q22VpNii,46,CNN
-0.5994,Mon Jun 04 18:30:11 +0000 2018,0.224,0.776,0.0,The US government is warning insurance companies to be on the lookout for suspicious prescriptions of a drug being‚Ä¶ https://t.co/XvHBI3C8Zr,47,CNN
-0.4404,Mon Jun 04 18:20:06 +0000 2018,0.187,0.813,0.0,Parkland students are planning to tour the nation to register voters and demand change on gun control legislation‚Ä¶ https://t.co/OFCP5IYWEt,48,CNN
0.0,Mon Jun 04 18:10:06 +0000 2018,0.0,1.0,0.0,Facebook is facing renewed regulatory scrutiny around the world in the wake of new allegations over how it handles‚Ä¶ https://t.co/aAzuY6M9OS,49,CNN
0.6249,Mon Jun 04 18:00:35 +0000 2018,0.0,0.779,0.221,"""If I were President of the United States and I had a lawyer that told me I could pardon myself, I think I would hi‚Ä¶ https://t.co/FAnlyDbRB9",50,CNN
0.0,Mon Jun 04 18:00:01 +0000 2018,0.0,1.0,0.0,"With just over a week to go until the Trump-Kim summit in Singapore, @willripleyCNN explains why this small city-st‚Ä¶ https://t.co/5K9aFNgelq",51,CNN
0.0,Mon Jun 04 17:50:05 +0000 2018,0.0,1.0,0.0,Here's why Guatemala's volcanic eruption is so much deadlier than Hawaii's https://t.co/mzY1Cd82Ci https://t.co/M2utyYTRel,52,CNN
-0.4767,Mon Jun 04 17:45:00 +0000 2018,0.171,0.829,0.0,How Uber moved into New York City and defeated the formidable yellow cab industry https://t.co/3qOAxwMlAf https://t.co/9EmOxq0uwQ,53,CNN
-0.4019,Mon Jun 04 17:40:05 +0000 2018,0.213,0.787,0.0,Democrats still have a Bill Clinton problem | Analysis by @zbyronwolf¬†https://t.co/5ePVTWx4Z9 https://t.co/sTf99f6NUh,54,CNN
-0.1779,Mon Jun 04 17:30:07 +0000 2018,0.098,0.837,0.065,Former President George H.W. Bush has been discharged from a Maine hospital after being admitted due to low blood p‚Ä¶ https://t.co/a34kghR3g6,55,CNN
0.0,Mon Jun 04 17:21:00 +0000 2018,0.0,1.0,0.0,"Here's a reason to visit Sydney during the winter: ""Vivid Sydney,"" a spectacular 90-installation light show, music‚Ä¶ https://t.co/5INtoFdP25",56,CNN
0.0,Mon Jun 04 17:13:06 +0000 2018,0.0,1.0,0.0,"Jesse Duplantis says he's not asking followers to buy him a $54 million private jet. He just wants them to ""believe‚Ä¶ https://t.co/yWwx2Uun8O",57,CNN
0.0,Mon Jun 04 17:06:25 +0000 2018,0.0,1.0,0.0,"""That's not what the American people, I think, would be able to stand for."" Former US attorney Preet Bharara says i‚Ä¶ https://t.co/B8xwZlw8UM",58,CNN
0.0,Mon Jun 04 16:58:47 +0000 2018,0.0,1.0,0.0,The White House just got caught in a lie about the infamous Trump Tower meeting | Analysis by @CillizzaCNN‚Ä¶ https://t.co/t4VILlRcS2,59,CNN
0.0,Mon Jun 04 16:41:00 +0000 2018,0.0,1.0,0.0,An aide for EPA Administrator Scott Pruitt inquired about purchasing a used mattress for him from the Trump Interna‚Ä¶ https://t.co/dqxE5xuZKE,60,CNN
0.0,Mon Jun 04 16:33:38 +0000 2018,0.0,1.0,0.0,"Janet Jackson called police Saturday over concern for her 1-year-old son, who was found by authorities with his fat‚Ä¶ https://t.co/hfxEFsG1iT",61,CNN
0.0,Mon Jun 04 16:20:04 +0000 2018,0.0,1.0,0.0,Apple CEO Tim Cook will soon take the stage at the company's annual World Wide Developers Conference to preview new‚Ä¶ https://t.co/MJvYoAFp78,62,CNN
-0.3182,Mon Jun 04 16:10:00 +0000 2018,0.099,0.901,0.0,"""Never give up on your ambition"": Chinese climber Xia Boyu, who lost both legs to frostbite on Everest more than 40‚Ä¶ https://t.co/F65f3x7oDN",63,CNN
0.0,Mon Jun 04 16:00:09 +0000 2018,0.0,1.0,0.0,Bill Clinton still doesn't get it on Monica Lewinsky and #MeToo | Analysis by @CillizzaCNN https://t.co/2n2GvKzqsR https://t.co/ngBIhtVg09,64,CNN
-0.25,Mon Jun 04 15:50:05 +0000 2018,0.1,0.9,0.0,"Scot Peterson, the school resource officer who has been publicly crucified for his inaction during the Parkland, Fl‚Ä¶ https://t.co/SDu8KI2iyY",65,CNN
-0.5574,Mon Jun 04 15:40:08 +0000 2018,0.153,0.847,0.0,Conjoined twins Maria and Consolata Mwakikuti died on Saturday at the age of 21. They were studying education and d‚Ä¶ https://t.co/JvaZBugwrt,66,CNN
0.0,Mon Jun 04 15:31:58 +0000 2018,0.0,1.0,0.0,An aide for EPA Administrator Scott Pruitt inquired about purchasing a used mattress for him from the Trump Interna‚Ä¶ https://t.co/nbaHU2z7vN,67,CNN
0.2732,Mon Jun 04 15:19:54 +0000 2018,0.0,0.884,0.116,Jimmy Fallon made a surprise appearance at Marjory Stoneman Douglas graduation on Sunday. He offered students a lit‚Ä¶ https://t.co/zq4R1e4PFH,68,CNN
0.0,Mon Jun 04 15:06:00 +0000 2018,0.0,1.0,0.0,Here‚Äôs how the House farm bill would give billionaires (and their nieces and nephews) lucrative farm subsidies whil‚Ä¶ https://t.co/7qLwCuNU9k,69,CNN
0.4215,Mon Jun 04 14:55:39 +0000 2018,0.0,0.872,0.128,"Facebook is defending its practice of sharing users' personal data with dozens of makers of phones and tablets, inc‚Ä¶ https://t.co/IeEG24DwS0",70,CNN
0.8271,Mon Jun 04 14:44:40 +0000 2018,0.0,0.628,0.372,Read the Supreme Court decision in Masterpiece Cakeshop v. Colorado Civil Rights Commission https://t.co/8cZvSlvjix https://t.co/Ys1MBIQbcc,71,CNN
0.7351,Mon Jun 04 14:35:11 +0000 2018,0.083,0.639,0.278,JUST IN: The Supreme Court hands a win to the Colorado baker who refused to design a cake for a same-sex wedding‚Ä¶ https://t.co/8eSypaKAdm,72,CNN
0.1655,Mon Jun 04 14:32:51 +0000 2018,0.0,0.924,0.076,President Trump wants you to know he can pardon himself. But he's not going to -- yet | Analysis by @CillizzaCNN‚Ä¶ https://t.co/p8mGhOcYj2,73,CNN
0.5267,Mon Jun 04 14:20:07 +0000 2018,0.111,0.606,0.283,Supreme Court wipes away lower court ruling that granted undocumented teen access to abortion‚Ä¶ https://t.co/wRy84MG3RE,74,CNN
0.5106,Mon Jun 04 14:10:12 +0000 2018,0.0,0.845,0.155,"Mylan CEO Heather Bresch is the first woman to run a major pharmaceutical company. Her advice? ""Be comfortable bein‚Ä¶ https://t.co/o74KQ56dRk",75,CNN
0.0,Mon Jun 04 13:58:19 +0000 2018,0.0,1.0,0.0,"President Trump's phone call with French President Emmanuel Macron described as ""bad"" and ""terrible""‚Ä¶ https://t.co/ux6OkeMytw",76,CNN
0.4754,Mon Jun 04 13:50:06 +0000 2018,0.0,0.829,0.171,"Microsoft is buying GitHub, a coding platform that's hugely popular among software developers, for $7.5 billion‚Ä¶ https://t.co/1VM3sLoZdf",77,CNN
-0.1027,Mon Jun 04 13:40:10 +0000 2018,0.113,0.887,0.0,"Vermont will pay you up to $10,000 to move there https://t.co/CYoUjiSnnE https://t.co/DyiY0LUpJY",78,CNN
0.0,Mon Jun 04 13:35:59 +0000 2018,0.0,1.0,0.0,Guatemala‚Äôs Fuego volcano spewed thick clouds of smoke nearly six miles into the air on Sunday. A hiker captured th‚Ä¶ https://t.co/nsEC3gc19t,79,CNN
-0.5106,Mon Jun 04 13:24:20 +0000 2018,0.163,0.837,0.0,"""It seems, Mr. Mayor, the biggest failure in recollection was the recollection to actually tell the truth"":‚Ä¶ https://t.co/02RsEgydqi",80,CNN
0.3182,Mon Jun 04 13:09:50 +0000 2018,0.0,0.839,0.161,"President Trump says he has the ""absolute right to pardon myself"" https://t.co/BDyOu9CnXX https://t.co/bFcvbd3ar6",81,CNN
-0.5574,Mon Jun 04 13:04:08 +0000 2018,0.153,0.847,0.0,A short-fin male pilot whale has died in Southern Thailand after ingesting more than 17 lbs of plastic bags and pac‚Ä¶ https://t.co/VpIMugjAq4,82,CNN
-0.6705,Mon Jun 04 12:55:39 +0000 2018,0.22,0.78,0.0,A forensic psychiatrist and two paralegals were killed in the Phoenix-Scottsdale area in two shootings that occurre‚Ä¶ https://t.co/Op197QJYss,83,CNN
-0.4932,Mon Jun 04 12:44:10 +0000 2018,0.189,0.811,0.0,"Former President Bill Clinton says he never reached out to Monica Lewinsky following the scandal.

""No, I do not --‚Ä¶ https://t.co/1w3MOr1F24",84,CNN
0.3818,Mon Jun 04 12:25:03 +0000 2018,0.113,0.667,0.221,Apple is expected to launch an exciting new iPhone feature to address a problem it helped create: phone addiction.‚Ä¶ https://t.co/UxPNoWJXtp,85,CNN
-0.5574,Mon Jun 04 12:13:33 +0000 2018,0.153,0.847,0.0,"At least 48 people died after a boat carrying around 180 migrants sank off the coast of Tunisia late Saturday, acco‚Ä¶ https://t.co/tM44eFB0aA",86,CNN
-0.765,Mon Jun 04 12:01:38 +0000 2018,0.292,0.708,0.0,Passengers are still turning away from Southwest Airlines following the fatal accident in April when a passenger wa‚Ä¶ https://t.co/WidKMZ1JU6,87,CNN
0.0,Mon Jun 04 11:50:05 +0000 2018,0.0,1.0,0.0,First lady Melania Trump is expected to attend an official White House event today for the first time since May 10‚Ä¶ https://t.co/ipDaEAWUsX,88,CNN
-0.8225,Mon Jun 04 11:40:10 +0000 2018,0.297,0.703,0.0,At least 7 people were killed by an attack on a meeting of several thousand Islamic scholars in Afghanistan who wer‚Ä¶ https://t.co/iUfengkbET,89,CNN
0.4215,Mon Jun 04 11:31:22 +0000 2018,0.0,0.872,0.128,Facebook is defending its practice of sharing users' personal data with dozens of makers of phones and tablets incl‚Ä¶ https://t.co/ey8MOva4Jv,90,CNN
0.0,Mon Jun 04 11:20:08 +0000 2018,0.071,0.859,0.071,"A magnitude 5.5 earthquake shook the Kilauea summit on Sunday afternoon, resulting in an ash plume that reached up‚Ä¶ https://t.co/R2zrmtVle4",91,CNN
0.2732,Mon Jun 04 11:10:06 +0000 2018,0.0,0.811,0.189,Trump's trade moves create midterm headache for Republicans https://t.co/nNDxQuHpIk https://t.co/llz9mhSBXV,92,CNN
-0.743,Mon Jun 04 11:00:12 +0000 2018,0.387,0.613,0.0,"5 things for Monday:

- Tariffs
- Jordan protests
- Volcanoes
- Facebook
- Breast cancer

https://t.co/nrnz4OTRBm https://t.co/fLUSz6k3M9",93,CNN
0.0,Mon Jun 04 10:50:07 +0000 2018,0.143,0.714,0.143,House farm bill seeks to restrict food stamp benefits while allowing subsidies for billionaires‚Ä¶ https://t.co/8txFqZIFPh,94,CNN
0.0,Mon Jun 04 10:40:03 +0000 2018,0.0,1.0,0.0,Trump's above-the-law presidency | Analysis by @StCollinson https://t.co/AcDJ1c2DnS https://t.co/txhTaxG0Wa,95,CNN
0.0,Mon Jun 04 10:32:00 +0000 2018,0.0,1.0,0.0,Take one of the first rides on London's new subway line -- the biggest engineering project in Europe‚Ä¶ https://t.co/1zx9NKxjy9,96,CNN
0.128,Mon Jun 04 10:24:04 +0000 2018,0.0,0.933,0.067,"Former New Jersey Gov. Chris Christie knocks the claim from Trump's legal team that, by nature of his office, the P‚Ä¶ https://t.co/SjCgGDviZt",97,CNN
0.3875,Mon Jun 04 10:10:48 +0000 2018,0.0,0.878,0.122,"Trump could have 'shot James Comey' and not faced prosecution for it while in office, Rudy Giuliani tells HuffPost‚Ä¶ https://t.co/r3OR3AzN3Z",98,CNN
0.0,Mon Jun 04 10:01:19 +0000 2018,0.0,1.0,0.0,Former President Bill Clinton says an impeachment process over the Russia probe would be underway if a Democrat wer‚Ä¶ https://t.co/7pwwFSgrIs,99,CNN
0.1027,Mon Jun 04 09:50:25 +0000 2018,0.113,0.755,0.132,Facebook is under fire for sharing information about its users with dozens of smartphone and tablet makers https://t.co/hNupeUP8k8,100,CNN
0.5719,Mon Jun 04 21:05:33 +0000 2018,0.0,0.844,0.156,"Jeremy Tedesco, baker's attorney: ""Jack has every intention of getting back into doing the art that he loves the mo‚Ä¶ https://t.co/HIGhDpmnid",1,FoxNews
-0.4215,Mon Jun 04 20:59:23 +0000 2018,0.215,0.701,0.084,"Jeremy Tedesco, baker's attorney: ""Make no mistake, this is an important ruling that reaffirms that principle that‚Ä¶ https://t.co/6J3B7wCA6u",2,FoxNews
0.8126,Mon Jun 04 20:49:54 +0000 2018,0.0,0.709,0.291,"Jeremy Tedesco, baker's attorney: ""Jack Phillips won and he won in a way that reaffirmed the idea that government h‚Ä¶ https://t.co/KbnKNMSgPg",3,FoxNews
0.4215,Mon Jun 04 20:45:00 +0000 2018,0.0,0.823,0.177,"TONIGHT, 9p ET: It's a Powerful 'Hannity' With Guests @marklevinshow &amp; @PressSec Sarah Sanders https://t.co/eG2K9dVAkc",4,FoxNews
0.0,Mon Jun 04 20:40:34 +0000 2018,0.0,1.0,0.0,RT @FoxBusiness: #BreakingNews: @Starbucks Executive Chairman Howard Schultz is stepping down. https://t.co/GIutrPP2gT,5,FoxNews
-0.2944,Mon Jun 04 20:34:44 +0000 2018,0.128,0.872,0.0,'This Could Be a Race': @ChrisStirewalt on Whether NJ Dem @SenatorMenendez Is More Vulnerable Than Expected‚Ä¶ https://t.co/1Hg80HVdiw,6,FoxNews
-0.4767,Mon Jun 04 20:22:23 +0000 2018,0.205,0.795,0.0,UK teen in all-female Islamic State cell convicted of plotting museum attack. https://t.co/NiODCjrFws,7,FoxNews
0.7783,Mon Jun 04 20:09:51 +0000 2018,0.0,0.688,0.312,".@KellyannePolls: ‚ÄúThe last president was given the Nobel Peace Prize, this president may actually earn it.‚Äù‚Ä¶ https://t.co/fYiMiOQArD",8,FoxNews
0.1027,Mon Jun 04 19:58:12 +0000 2018,0.117,0.745,0.138,"4 climbers, including 2 Boy Scouts, found alive after going missing while hiking Mount Baker in Washington. https://t.co/qDv2aju13P",9,FoxNews
-0.34,Mon Jun 04 19:50:45 +0000 2018,0.138,0.862,0.0,"Guatemala police officer captures the moment the 'Volcano of Fire' erupts, engulfing streets in ash. https://t.co/ibJ8O3CLoJ",10,FoxNews
0.0,Mon Jun 04 19:44:21 +0000 2018,0.0,1.0,0.0,"Several people shot at a Texas football game, police say. https://t.co/5n2Lh64UUl",11,FoxNews
0.4404,Mon Jun 04 19:37:18 +0000 2018,0.0,0.868,0.132,A fawn gets a new lease on life thanks to three men who pulled it out of a sewer in New York. https://t.co/ktCJBsmEtA,12,FoxNews
-0.0516,Mon Jun 04 19:29:28 +0000 2018,0.15,0.714,0.136,Ex-Navy sailor pardoned by @POTUS says he's suing @Comey and @BarackObama. https://t.co/ESWGLNciyu,13,FoxNews
-0.5423,Mon Jun 04 19:20:10 +0000 2018,0.226,0.774,0.0,"UPDATE: Guatemala volcano eruption kills at least 62, forces thousands to evacuate. https://t.co/cP8hTuDvwH",14,FoxNews
-0.7579,Mon Jun 04 19:15:08 +0000 2018,0.333,0.667,0.0,"Arizona suspect linked to 4 recent shooting deaths found dead in hotel room, police say. https://t.co/sSyvhtQl08",15,FoxNews
0.6997,Mon Jun 04 19:09:52 +0000 2018,0.0,0.757,0.243,".@PressSec on tariffs: ""The president feels very confident in his decision and will continue to make sure that the‚Ä¶ https://t.co/oZ4c3t4sdu",16,FoxNews
-0.2263,Mon Jun 04 19:05:26 +0000 2018,0.128,0.782,0.091,".@PressSec on pardons: ""The president looks at each case individually to see if something wrong has been done, or w‚Ä¶ https://t.co/4kgw5voFYX",17,FoxNews
-0.0516,Mon Jun 04 18:58:43 +0000 2018,0.113,0.784,0.103,".@PressSec: ""The president feels strongly that the steel and aluminum industries are critical to our national secur‚Ä¶ https://t.co/CUOP15qhMA",18,FoxNews
0.5574,Mon Jun 04 18:53:12 +0000 2018,0.0,0.833,0.167,"@PressSec on diplomatic talks with North Korea: ""They've been positive and we're looking forward to the meeting in‚Ä¶ https://t.co/RtdqdMuIu4",19,FoxNews
0.6546,Mon Jun 04 18:48:10 +0000 2018,0.0,0.723,0.277,".@PressSec: ""Thankfully the president hasn't done anything wrong and wouldn't have any need for a pardon.""‚Ä¶ https://t.co/ocKZV4Gcaz",20,FoxNews
0.5719,Mon Jun 04 21:05:33 +0000 2018,0.0,0.844,0.156,"Jeremy Tedesco, baker's attorney: ""Jack has every intention of getting back into doing the art that he loves the mo‚Ä¶ https://t.co/HIGhDpmnid",21,FoxNews
-0.4215,Mon Jun 04 20:59:23 +0000 2018,0.215,0.701,0.084,"Jeremy Tedesco, baker's attorney: ""Make no mistake, this is an important ruling that reaffirms that principle that‚Ä¶ https://t.co/6J3B7wCA6u",22,FoxNews
0.8126,Mon Jun 04 20:49:54 +0000 2018,0.0,0.709,0.291,"Jeremy Tedesco, baker's attorney: ""Jack Phillips won and he won in a way that reaffirmed the idea that government h‚Ä¶ https://t.co/KbnKNMSgPg",23,FoxNews
0.4215,Mon Jun 04 20:45:00 +0000 2018,0.0,0.823,0.177,"TONIGHT, 9p ET: It's a Powerful 'Hannity' With Guests @marklevinshow &amp; @PressSec Sarah Sanders https://t.co/eG2K9dVAkc",24,FoxNews
0.0,Mon Jun 04 20:40:34 +0000 2018,0.0,1.0,0.0,RT @FoxBusiness: #BreakingNews: @Starbucks Executive Chairman Howard Schultz is stepping down. https://t.co/GIutrPP2gT,25,FoxNews
-0.2944,Mon Jun 04 20:34:44 +0000 2018,0.128,0.872,0.0,'This Could Be a Race': @ChrisStirewalt on Whether NJ Dem @SenatorMenendez Is More Vulnerable Than Expected‚Ä¶ https://t.co/1Hg80HVdiw,26,FoxNews
-0.4767,Mon Jun 04 20:22:23 +0000 2018,0.205,0.795,0.0,UK teen in all-female Islamic State cell convicted of plotting museum attack. https://t.co/NiODCjrFws,27,FoxNews
0.7783,Mon Jun 04 20:09:51 +0000 2018,0.0,0.688,0.312,".@KellyannePolls: ‚ÄúThe last president was given the Nobel Peace Prize, this president may actually earn it.‚Äù‚Ä¶ https://t.co/fYiMiOQArD",28,FoxNews
0.1027,Mon Jun 04 19:58:12 +0000 2018,0.117,0.745,0.138,"4 climbers, including 2 Boy Scouts, found alive after going missing while hiking Mount Baker in Washington. https://t.co/qDv2aju13P",29,FoxNews
-0.34,Mon Jun 04 19:50:45 +0000 2018,0.138,0.862,0.0,"Guatemala police officer captures the moment the 'Volcano of Fire' erupts, engulfing streets in ash. https://t.co/ibJ8O3CLoJ",30,FoxNews
0.0,Mon Jun 04 19:44:21 +0000 2018,0.0,1.0,0.0,"Several people shot at a Texas football game, police say. https://t.co/5n2Lh64UUl",31,FoxNews
0.4404,Mon Jun 04 19:37:18 +0000 2018,0.0,0.868,0.132,A fawn gets a new lease on life thanks to three men who pulled it out of a sewer in New York. https://t.co/ktCJBsmEtA,32,FoxNews
-0.0516,Mon Jun 04 19:29:28 +0000 2018,0.15,0.714,0.136,Ex-Navy sailor pardoned by @POTUS says he's suing @Comey and @BarackObama. https://t.co/ESWGLNciyu,33,FoxNews
-0.5423,Mon Jun 04 19:20:10 +0000 2018,0.226,0.774,0.0,"UPDATE: Guatemala volcano eruption kills at least 62, forces thousands to evacuate. https://t.co/cP8hTuDvwH",34,FoxNews
-0.7579,Mon Jun 04 19:15:08 +0000 2018,0.333,0.667,0.0,"Arizona suspect linked to 4 recent shooting deaths found dead in hotel room, police say. https://t.co/sSyvhtQl08",35,FoxNews
0.6997,Mon Jun 04 19:09:52 +0000 2018,0.0,0.757,0.243,".@PressSec on tariffs: ""The president feels very confident in his decision and will continue to make sure that the‚Ä¶ https://t.co/oZ4c3t4sdu",36,FoxNews
-0.2263,Mon Jun 04 19:05:26 +0000 2018,0.128,0.782,0.091,".@PressSec on pardons: ""The president looks at each case individually to see if something wrong has been done, or w‚Ä¶ https://t.co/4kgw5voFYX",37,FoxNews
-0.0516,Mon Jun 04 18:58:43 +0000 2018,0.113,0.784,0.103,".@PressSec: ""The president feels strongly that the steel and aluminum industries are critical to our national secur‚Ä¶ https://t.co/CUOP15qhMA",38,FoxNews
0.5574,Mon Jun 04 18:53:12 +0000 2018,0.0,0.833,0.167,"@PressSec on diplomatic talks with North Korea: ""They've been positive and we're looking forward to the meeting in‚Ä¶ https://t.co/RtdqdMuIu4",39,FoxNews
0.6546,Mon Jun 04 18:48:10 +0000 2018,0.0,0.723,0.277,".@PressSec: ""Thankfully the president hasn't done anything wrong and wouldn't have any need for a pardon.""‚Ä¶ https://t.co/ocKZV4Gcaz",40,FoxNews
0.0,Mon Jun 04 18:42:29 +0000 2018,0.0,1.0,0.0,.@PressSec Sarah Sanders holds a @WhiteHouse press briefing  https://t.co/hsasGriizq,41,FoxNews
-0.7096,Mon Jun 04 18:40:55 +0000 2018,0.296,0.704,0.0,"Boy, 11, fights off man who attempted to steal father's car in Connecticut, police say. https://t.co/exkUHaXtME",42,FoxNews
0.8625,Mon Jun 04 18:35:30 +0000 2018,0.0,0.51,0.49,OPINION: Supreme Court's same-sex wedding cake decision -- a significant victory for freedom https://t.co/JfsmJ3sXIf,43,FoxNews
-0.4215,Mon Jun 04 18:25:31 +0000 2018,0.324,0.511,0.165,"Wedding crasher steals gift envelopes intended for bride and groom, disappears https://t.co/RCDuOZsPwS",44,FoxNews
-0.34,Mon Jun 04 18:17:04 +0000 2018,0.146,0.854,0.0,"VIDEO: Guatemala police officer captures moment 'Volcano of Fire' erupts, engulfing streets in ash https://t.co/TZB5LdRiNs",45,FoxNews
0.0,Mon Jun 04 18:15:24 +0000 2018,0.0,1.0,0.0,States holding primaries Tuesday @dailybriefing https://t.co/UOKZthlCbB,46,FoxNews
0.0,Mon Jun 04 18:02:57 +0000 2018,0.0,1.0,0.0,Awaiting: @WhiteHouse press briefing https://t.co/CUJkBRNYaB,47,FoxNews
0.3595,Mon Jun 04 17:59:00 +0000 2018,0.0,0.849,0.151,TONIGHT: @PressSec Sarah Sanders and @MarkLevinShow join @SeanHannity at 9p ET. Tune in! https://t.co/M6Imq8qQGm https://t.co/Svn4SxQYGE,48,FoxNews
0.0,Mon Jun 04 17:55:00 +0000 2018,0.0,1.0,0.0,Saudi Arabia issues first driving licenses to 10 women https://t.co/boyLJt5tXO (via @christocarbone),49,FoxNews
0.0,Mon Jun 04 17:40:36 +0000 2018,0.0,1.0,0.0,An asteroid turned into a blazing fireball over Africa last weekend https://t.co/SI8vFB3h4U,50,FoxNews
0.0,Mon Jun 04 17:25:19 +0000 2018,0.0,1.0,0.0,George H.W. Bush discharged from hospital https://t.co/NuY9OaQTZW,51,FoxNews
0.5267,Mon Jun 04 17:18:20 +0000 2018,0.0,0.784,0.216,"Rep. @davidcicilline: ‚ÄúThe American people are entitled to know the truth, let the investigation continue. Mr. Muel‚Ä¶ https://t.co/oQprGX7bC0",52,FoxNews
0.3818,Mon Jun 04 17:10:55 +0000 2018,0.0,0.795,0.205,".@RepAndyBiggsAZ: ‚ÄúI think that there‚Äôs a Constitutional authority for the President to pardon himself, I think it‚Ä¶ https://t.co/sVCyBqmyQz",53,FoxNews
-0.7845,Mon Jun 04 16:59:07 +0000 2018,0.347,0.653,0.0,Iraq War vet saves Wyoming trooper from man who was attacking him on highway https://t.co/b9ahOPWgf8,54,FoxNews
0.2263,Mon Jun 04 16:45:31 +0000 2018,0.0,0.853,0.147,High school grad surprised by return of dad deployed overseas https://t.co/jPEi8z5zPx https://t.co/sfUsPBUOSX,55,FoxNews
-0.2023,Mon Jun 04 16:30:20 +0000 2018,0.153,0.847,0.0,Jim Carrey trolls Melania Trump in latest politically charged artwork https://t.co/ntIeubIDYz,56,FoxNews
0.3626,Mon Jun 04 16:27:04 +0000 2018,0.0,0.8,0.2,"Netflix becoming less popular among conservative viewers, new study finds https://t.co/8AQhEzxhzY",57,FoxNews
0.34,Mon Jun 04 16:19:39 +0000 2018,0.101,0.734,0.165,Supreme Court sides with Colorado baker who refused to make wedding cake for same-sex couple; @MikeEmanuelFox repor‚Ä¶ https://t.co/A0gj22kwlz,58,FoxNews
0.0,Mon Jun 04 16:15:16 +0000 2018,0.0,1.0,0.0,University of Michigan Paying $8.4M Annually for Nearly 100 Diversity Staffers https://t.co/Inh4fhYHFl,59,FoxNews
0.128,Mon Jun 04 16:08:00 +0000 2018,0.111,0.754,0.136,.@ShannonBream reacts to #SCOTUS ruling in favor of baker who refused to make same-sex wedding cake‚Ä¶ https://t.co/QBKzAnMV0W,60,FoxNews
0.5574,Mon Jun 04 16:05:50 +0000 2018,0.0,0.769,0.231,Supreme Court sides with Trump administration over immigrant teen who got abortion https://t.co/idvMUFvlqK,61,FoxNews
-0.4767,Mon Jun 04 16:02:31 +0000 2018,0.193,0.807,0.0,.@Judgenap: SCOTUS Ruling for Baker in Same-Sex Wedding Cake Case Is a 'Dangerous Opinion' https://t.co/aTXBkQaLTr,62,FoxNews
0.4215,Mon Jun 04 15:58:47 +0000 2018,0.0,0.823,0.177,"TONIGHT, 9p ET: It's a Powerful 'Hannity' With Guests @marklevinshow &amp; @PressSec Sarah Sanders https://t.co/M6Imq8qQGm",63,FoxNews
-0.7269,Mon Jun 04 15:44:21 +0000 2018,0.404,0.596,0.0,Iraq War Veteran Saves Trooper by Putting Suspect in Chokehold https://t.co/4DCiadYY0x,64,FoxNews
0.0,Mon Jun 04 15:39:47 +0000 2018,0.0,1.0,0.0,.@SecPompeo leads the U.S. delegation to the 48th Regular Session of the General Assembly of the Organization of Am‚Ä¶ https://t.co/qw7pd8bRBa,65,FoxNews
0.8176,Mon Jun 04 15:30:02 +0000 2018,0.0,0.694,0.306,"The team you trust. The network you love.

Watch @OutnumberedOT at 1p ET and @DailyBriefing at 2p ET. https://t.co/0gUWyhHJpl",66,FoxNews
-0.7579,Mon Jun 04 15:27:47 +0000 2018,0.289,0.711,0.0,"Breaking News: Arizona suspect linked to shooting deaths of 4 people found dead in hotel room, police say https://t.co/6s5S4BVcQk",67,FoxNews
0.0,Mon Jun 04 15:21:30 +0000 2018,0.0,1.0,0.0,Key preparations ahead of Trump-Kim summit; @johnrobertsFox reports https://t.co/zcCyJ7iS7y,68,FoxNews
-0.4588,Mon Jun 04 15:11:27 +0000 2018,0.167,0.833,0.0,Kirt Webster accuser Austin C. Rick writing tell-all about disgraced country music publicist (via @Sashafb)  https://t.co/aDzoahJ8c4,69,FoxNews
0.4767,Mon Jun 04 15:07:11 +0000 2018,0.0,0.871,0.129,"‚ÄúWith respect to this case and this case only, the baker prevails because the baker‚Äôs decision not to bake the cake‚Ä¶ https://t.co/dQofxYXHlx",70,FoxNews
-0.4588,Mon Jun 04 15:02:14 +0000 2018,0.158,0.842,0.0,Disgraced Parkland school cop Scot Peterson defends his actions: ‚ÄòHow can they keep saying I did nothing?‚Äô https://t.co/OiDGJ6pQKx,71,FoxNews
-0.25,Mon Jun 04 14:58:24 +0000 2018,0.219,0.663,0.117,"Arizona suspect linked to four shooting deaths, including prominent forensic psychiatrist, cornered in motel, polic‚Ä¶ https://t.co/0KrccGpmTo",72,FoxNews
0.5574,Mon Jun 04 14:54:00 +0000 2018,0.0,0.806,0.194,"Supreme Court to tackle immigration, voting rights, unions: A look at major cases on justices' agenda https://t.co/K462iLPSZz",73,FoxNews
0.3818,Mon Jun 04 14:52:19 +0000 2018,0.0,0.847,0.153,"Gen. Jack Keane (Ret): ‚ÄúWe‚Äôre not just affecting the security of the United States, but also of the region and the‚Ä¶ https://t.co/Sqm2nEclWc",74,FoxNews
0.128,Mon Jun 04 14:49:00 +0000 2018,0.111,0.754,0.136,.@ShannonBream reacts to #SCOTUS ruling in favor of baker who refused to make same-sex wedding cake‚Ä¶ https://t.co/3CMtSInDQP,75,FoxNews
-0.296,Mon Jun 04 14:41:19 +0000 2018,0.128,0.872,0.0,#SCOTUS sides with Colorado baker who refused to make wedding cake for same-sex couple https://t.co/15ULbC5IEs https://t.co/fyxLZ3YCSI,76,FoxNews
0.5574,Mon Jun 04 14:36:09 +0000 2018,0.0,0.753,0.247,Supreme Court decides Colorado gay wedding cake case: A timeline of events https://t.co/0Hk3TVPZwH,77,FoxNews
-0.25,Mon Jun 04 14:31:19 +0000 2018,0.209,0.68,0.112,"JUST IN: Arizona suspect linked to four shooting deaths, including prominent forensic psychiatrist, cornered in mot‚Ä¶ https://t.co/Dvx2gz91i4",78,FoxNews
0.34,Mon Jun 04 14:25:28 +0000 2018,0.101,0.734,0.165,BREAKING NEWS: Supreme Court sides with Colorado baker who refused to make wedding cake for same-sex couple‚Ä¶ https://t.co/kktRvhq9Nk,79,FoxNews
0.5574,Mon Jun 04 14:21:42 +0000 2018,0.0,0.795,0.205,JUST IN: Supreme Court rules for Colorado baker who wouldn‚Äôt make same-sex wedding cake https://t.co/GAlMSFKKjL,80,FoxNews
0.3595,Mon Jun 04 14:18:08 +0000 2018,0.0,0.849,0.151,TONIGHT: @PressSec Sarah Sanders and @MarkLevinShow join @SeanHannity at 9p ET. Tune in! https://t.co/M6Imq8qQGm https://t.co/1p44SmGM5P,81,FoxNews
0.7351,Mon Jun 04 14:15:30 +0000 2018,0.0,0.66,0.34,.@SenJohnBarrasso: ‚ÄúThe president knows we need peace and stability abroad if we want security at home.‚Äù‚Ä¶ https://t.co/IGG5GKM2kj,82,FoxNews
0.4939,Mon Jun 04 14:11:20 +0000 2018,0.118,0.63,0.252,.@SenJohnBarrasso on @POTUS: ‚ÄúHe has replaced a policy of weakness with a policy of strength for the United States‚Ä¶ https://t.co/Ba65qvGcyi,83,FoxNews
0.5563,Mon Jun 04 14:06:07 +0000 2018,0.0,0.715,0.285,.@MarshaBlackburn: ‚ÄúI think it‚Äôs a very hopeful time.‚Äù @AmericaNewsroom https://t.co/1BzlXmYReY https://t.co/qaHMGOcqA0,84,FoxNews
0.5859,Mon Jun 04 13:58:00 +0000 2018,0.0,0.78,0.22,".@MarshaBlackburn: ""This kind of hype and hyperbole around the special counsel, it doesn‚Äôt create one job. It doesn‚Ä¶ https://t.co/aVIk5OW0QO",85,FoxNews
-0.4215,Mon Jun 04 13:53:04 +0000 2018,0.219,0.781,0.0,JUST IN: @serenawilliams withdraws from French Open due to injury https://t.co/qlIUpIgL2X,86,FoxNews
0.2263,Mon Jun 04 13:50:49 +0000 2018,0.0,0.881,0.119,New York City proposal would allow adults to choose gender 'X' on birth certificates https://t.co/4yacCnhMr5,87,FoxNews
0.0,Mon Jun 04 13:47:04 +0000 2018,0.0,1.0,0.0,California‚Äôs primary next big test for @TheDemocrats; @pdoocy reports @AmericaNewsroom https://t.co/G0Pn0zEbA6,88,FoxNews
0.5994,Mon Jun 04 13:41:45 +0000 2018,0.0,0.738,0.262,Philadelphia @Eagles who plan to skip the @WhiteHouse Super Bowl visit https://t.co/4V8bzwC9Mu,89,FoxNews
0.1655,Mon Jun 04 13:10:33 +0000 2018,0.0,0.879,0.121,Trump asserts 'absolute right' to pardon himself ‚Äì but 'why would I do that?' https://t.co/QfCp1KbqpW,90,FoxNews
0.8176,Mon Jun 04 13:09:35 +0000 2018,0.0,0.651,0.349,"The team you trust. The network you love.

Watch ""America's Newsroom,"" weekdays at 9a ET. https://t.co/Z4ji5TLZfc",91,FoxNews
0.0772,Mon Jun 04 13:04:16 +0000 2018,0.0,0.929,0.071,"Bay Area exodus? Nearly 50 percent of Californians say they want to move out soon, poll finds https://t.co/KLxJMhYv2F",92,FoxNews
-0.5267,Mon Jun 04 13:01:40 +0000 2018,0.298,0.702,0.0,Veteran saves trooper in danger of being shot https://t.co/6n0seX6U0C,93,FoxNews
0.7783,Mon Jun 04 12:40:23 +0000 2018,0.0,0.688,0.312,".@KellyannePolls: ‚ÄúThe last president was given the Nobel Peace Prize, this president may actually earn it.‚Äù https://t.co/uA9UUDb4hr",94,FoxNews
0.5849,Mon Jun 04 12:38:58 +0000 2018,0.0,0.798,0.202,".@KellyannePolls: ‚ÄúWe have fewer regulations, more optimism, an economy that‚Äôs absolutely booming and frankly, more‚Ä¶ https://t.co/DRmibCNmTj",95,FoxNews
0.4588,Mon Jun 04 12:27:51 +0000 2018,0.0,0.786,0.214,GM executive wrecks Corvette pace car at Indycar's Detroit Grand Prix https://t.co/rfX7zsjyzJ,96,FoxNews
0.0,Mon Jun 04 12:17:01 +0000 2018,0.0,1.0,0.0,.@FLOTUS Will Attend Gold Star Event Today https://t.co/f602xngkvz,97,FoxNews
0.128,Mon Jun 04 11:56:56 +0000 2018,0.0,0.897,0.103,Jon Stewart comes to defense of Samantha Bee over vulgar Ivanka Trump comments https://t.co/8MWAvLc1WM,98,FoxNews
0.6666,Mon Jun 04 11:46:22 +0000 2018,0.0,0.729,0.271,.@FreemanWSJ: ‚ÄúIt‚Äôs really about the best time ever to look for a job.‚Äù https://t.co/OCBpzUhFDw,99,FoxNews
0.0,Mon Jun 04 11:41:55 +0000 2018,0.0,1.0,0.0,.@lizpeek: ‚ÄúAll the news on manufacturing is incredibly strong.‚Äù https://t.co/IVMMVi6OP2,100,FoxNews
-0.6369,Mon Jun 04 21:00:07 +0000 2018,0.167,0.833,0.0,"""It took me 5 months to find out how many times my son was shot.""

A Baltimore teenager was fatally shot by a polic‚Ä¶ https://t.co/On74QmUSDz",1,nytimes
0.0,Mon Jun 04 20:50:03 +0000 2018,0.0,1.0,0.0,RT @jennymedina: NYT reporters are all over California to report on the June 5 primary. I'm in the 48th district in the heart of Orange Cou‚Ä¶,2,nytimes
0.0,Mon Jun 04 20:36:03 +0000 2018,0.0,1.0,0.0,Howard Schultz is stepping away from Starbucks. The move is likely to stoke speculation of a push into politics. He‚Ä¶ https://t.co/Yz8LF2Lmq6,3,nytimes
-0.0516,Mon Jun 04 20:31:08 +0000 2018,0.054,0.946,0.0,RT @andrewrsorkin: Breaking News: Howard Schultz will leave @Starbucks at end of month. End of era. Says he will consider ‚Äúpublic service‚Äù‚Ä¶,4,nytimes
0.296,Mon Jun 04 20:20:05 +0000 2018,0.0,0.901,0.099,"RT @tackettdc: Senior EPA official ""acted essentially as the personal assistant to"" Scott Pruitt, helping him hunt for an apartment, travel‚Ä¶",5,nytimes
0.6597,Mon Jun 04 20:10:02 +0000 2018,0.0,0.769,0.231,"In Orange County, California, Democrats are counting on immigrants to help the party pull off, if not quite a blue‚Ä¶ https://t.co/FWt0QHx0QS",6,nytimes
0.5106,Mon Jun 04 20:00:12 +0000 2018,0.0,0.858,0.142,He was cheered at his graduation for quoting a speech by President Trump. Then he revealed who actually said it: Ba‚Ä¶ https://t.co/NFT3EuP6ND,7,nytimes
0.3716,Mon Jun 04 19:50:04 +0000 2018,0.063,0.816,0.121,"RT @ChuBailiang: ‚ÄúNo one said to shoot, but it was, like, ‚ÄòWe‚Äôre going to teach them a lesson,‚Äô and then those soldiers unleashed their fur‚Ä¶",8,nytimes
-0.7506,Mon Jun 04 19:40:02 +0000 2018,0.412,0.588,0.0,Volkswagen is abandoning animal testing after being criticized for subjecting monkeys to diesel exhaust fumes https://t.co/a4BLyXl0tT,9,nytimes
0.0,Mon Jun 04 19:30:16 +0000 2018,0.0,1.0,0.0,"RT @grynbaum: Here's my profile of Seymour Hersh, whose caustic &amp; revealing memoir of a life in journalism is out tomorrow. https://t.co/MV‚Ä¶",10,nytimes
0.3182,Mon Jun 04 19:20:04 +0000 2018,0.0,0.901,0.099,President Trump said he had the power to pardon himself. It's a sign that he could take extreme action to shield hi‚Ä¶ https://t.co/fhKascGIyQ,11,nytimes
0.1779,Mon Jun 04 19:10:05 +0000 2018,0.0,0.925,0.075,"RT @melbournecoal: NYT reporters are all over CA today, the last day before the primary, bringing you updates from competitive districts ac‚Ä¶",12,nytimes
0.0258,Mon Jun 04 19:00:10 +0000 2018,0.224,0.544,0.231,The ideal subjects for a salt study? Maybe prisoners. https://t.co/Nnl47MW5TO https://t.co/9ZbOz4Wjhp,13,nytimes
0.6249,Mon Jun 04 18:50:06 +0000 2018,0.0,0.83,0.17,RT @UpshotNYT: More experts joined the conversation on the great medical mystery of the 1980s: why health costs began skyrocketing compared‚Ä¶,14,nytimes
0.7096,Mon Jun 04 18:40:07 +0000 2018,0.0,0.731,0.269,"Dolly Parton: ""I am thrilled to be bringing some of my favorite songs to life with Netflix"" https://t.co/vWGI3VGlmS",15,nytimes
-0.765,Mon Jun 04 18:31:03 +0000 2018,0.292,0.708,0.0,"The suspect wanted in the killing of 4 people in Arizona, including a psychiatrist in the JonBenet Ramsey investiga‚Ä¶ https://t.co/fSqDGvR8ym",16,nytimes
0.1531,Mon Jun 04 18:20:06 +0000 2018,0.0,0.918,0.082,"RT @elizabethjdias: Today I'm spending the day with @TJCoxCongress, the Democrat who is challenging Republican incumbent @dgvaladao in the‚Ä¶",17,nytimes
0.0,Mon Jun 04 18:10:08 +0000 2018,0.0,1.0,0.0,The U.S. ambassador to Germany said that he wanted to empower conservative leaders in Europe who dared to challenge‚Ä¶ https://t.co/l4dqfFpYsA,18,nytimes
-0.3818,Mon Jun 04 18:00:05 +0000 2018,0.138,0.78,0.082,RT @stavernise: Please listen to our story of one family in Baltimore and their search for answers about the death of their son. https://t.‚Ä¶,19,nytimes
0.7906,Mon Jun 04 17:50:05 +0000 2018,0.0,0.708,0.292,The Supreme Court turned away a request from the Justice Department to discipline lawyers with the ACLU for assisti‚Ä¶ https://t.co/3AYiFqXoxy,20,nytimes
-0.6369,Mon Jun 04 21:00:07 +0000 2018,0.167,0.833,0.0,"""It took me 5 months to find out how many times my son was shot.""

A Baltimore teenager was fatally shot by a polic‚Ä¶ https://t.co/On74QmUSDz",21,nytimes
0.0,Mon Jun 04 20:50:03 +0000 2018,0.0,1.0,0.0,RT @jennymedina: NYT reporters are all over California to report on the June 5 primary. I'm in the 48th district in the heart of Orange Cou‚Ä¶,22,nytimes
0.0,Mon Jun 04 20:36:03 +0000 2018,0.0,1.0,0.0,Howard Schultz is stepping away from Starbucks. The move is likely to stoke speculation of a push into politics. He‚Ä¶ https://t.co/Yz8LF2Lmq6,23,nytimes
-0.0516,Mon Jun 04 20:31:08 +0000 2018,0.054,0.946,0.0,RT @andrewrsorkin: Breaking News: Howard Schultz will leave @Starbucks at end of month. End of era. Says he will consider ‚Äúpublic service‚Äù‚Ä¶,24,nytimes
0.296,Mon Jun 04 20:20:05 +0000 2018,0.0,0.901,0.099,"RT @tackettdc: Senior EPA official ""acted essentially as the personal assistant to"" Scott Pruitt, helping him hunt for an apartment, travel‚Ä¶",25,nytimes
0.6597,Mon Jun 04 20:10:02 +0000 2018,0.0,0.769,0.231,"In Orange County, California, Democrats are counting on immigrants to help the party pull off, if not quite a blue‚Ä¶ https://t.co/FWt0QHx0QS",26,nytimes
0.5106,Mon Jun 04 20:00:12 +0000 2018,0.0,0.858,0.142,He was cheered at his graduation for quoting a speech by President Trump. Then he revealed who actually said it: Ba‚Ä¶ https://t.co/NFT3EuP6ND,27,nytimes
0.3716,Mon Jun 04 19:50:04 +0000 2018,0.063,0.816,0.121,"RT @ChuBailiang: ‚ÄúNo one said to shoot, but it was, like, ‚ÄòWe‚Äôre going to teach them a lesson,‚Äô and then those soldiers unleashed their fur‚Ä¶",28,nytimes
-0.7506,Mon Jun 04 19:40:02 +0000 2018,0.412,0.588,0.0,Volkswagen is abandoning animal testing after being criticized for subjecting monkeys to diesel exhaust fumes https://t.co/a4BLyXl0tT,29,nytimes
0.0,Mon Jun 04 19:30:16 +0000 2018,0.0,1.0,0.0,"RT @grynbaum: Here's my profile of Seymour Hersh, whose caustic &amp; revealing memoir of a life in journalism is out tomorrow. https://t.co/MV‚Ä¶",30,nytimes
0.3182,Mon Jun 04 19:20:04 +0000 2018,0.0,0.901,0.099,President Trump said he had the power to pardon himself. It's a sign that he could take extreme action to shield hi‚Ä¶ https://t.co/fhKascGIyQ,31,nytimes
0.1779,Mon Jun 04 19:10:05 +0000 2018,0.0,0.925,0.075,"RT @melbournecoal: NYT reporters are all over CA today, the last day before the primary, bringing you updates from competitive districts ac‚Ä¶",32,nytimes
0.0258,Mon Jun 04 19:00:10 +0000 2018,0.224,0.544,0.231,The ideal subjects for a salt study? Maybe prisoners. https://t.co/Nnl47MW5TO https://t.co/9ZbOz4Wjhp,33,nytimes
0.6249,Mon Jun 04 18:50:06 +0000 2018,0.0,0.83,0.17,RT @UpshotNYT: More experts joined the conversation on the great medical mystery of the 1980s: why health costs began skyrocketing compared‚Ä¶,34,nytimes
0.7096,Mon Jun 04 18:40:07 +0000 2018,0.0,0.731,0.269,"Dolly Parton: ""I am thrilled to be bringing some of my favorite songs to life with Netflix"" https://t.co/vWGI3VGlmS",35,nytimes
-0.765,Mon Jun 04 18:31:03 +0000 2018,0.292,0.708,0.0,"The suspect wanted in the killing of 4 people in Arizona, including a psychiatrist in the JonBenet Ramsey investiga‚Ä¶ https://t.co/fSqDGvR8ym",36,nytimes
0.1531,Mon Jun 04 18:20:06 +0000 2018,0.0,0.918,0.082,"RT @elizabethjdias: Today I'm spending the day with @TJCoxCongress, the Democrat who is challenging Republican incumbent @dgvaladao in the‚Ä¶",37,nytimes
0.0,Mon Jun 04 18:10:08 +0000 2018,0.0,1.0,0.0,The U.S. ambassador to Germany said that he wanted to empower conservative leaders in Europe who dared to challenge‚Ä¶ https://t.co/l4dqfFpYsA,38,nytimes
-0.3818,Mon Jun 04 18:00:05 +0000 2018,0.138,0.78,0.082,RT @stavernise: Please listen to our story of one family in Baltimore and their search for answers about the death of their son. https://t.‚Ä¶,39,nytimes
0.7906,Mon Jun 04 17:50:05 +0000 2018,0.0,0.708,0.292,The Supreme Court turned away a request from the Justice Department to discipline lawyers with the ACLU for assisti‚Ä¶ https://t.co/3AYiFqXoxy,40,nytimes
-0.4767,Mon Jun 04 17:40:10 +0000 2018,0.181,0.819,0.0,Facebook tried to rein in fake ads. It fell short in a California race. https://t.co/TEOBeVOBy1 https://t.co/K8LViRmq6o,41,nytimes
0.0,Mon Jun 04 17:30:05 +0000 2018,0.0,1.0,0.0,"RT @zwoolfe: Michael Hersch turns his cancer-stricken friend's emails into music (""with absolute brutality"") https://t.co/GO1tupM6Oa https:‚Ä¶",42,nytimes
0.5719,Mon Jun 04 17:20:10 +0000 2018,0.0,0.829,0.171,‚ÄúI wasn‚Äôt happy because he just got a new bat last year. I really thought he was set for a while.‚Äù https://t.co/smQ1gLXh7p,43,nytimes
0.0,Mon Jun 04 17:10:06 +0000 2018,0.0,1.0,0.0,‚òÄÔ∏è+ üçù= üíØhttps://t.co/7iVYOLtHYk,44,nytimes
0.2023,Mon Jun 04 17:00:07 +0000 2018,0.141,0.649,0.21,RT @TimHerrera: Ever spent an agonizing amount of time on a relatively simple decision? This will help make it easier https://t.co/5ZABBdCT‚Ä¶,45,nytimes
0.0,Mon Jun 04 16:56:20 +0000 2018,0.0,1.0,0.0,Stay up to date with news about California in our California Today newsletter. Sign up here. https://t.co/afialtICQZ,46,nytimes
0.0,Mon Jun 04 16:55:40 +0000 2018,0.0,1.0,0.0,"While Democrats have spent millions trying to seize Republican seats in California in the midterms, voters in the C‚Ä¶ https://t.co/qKvQDuVO5s",47,nytimes
0.296,Mon Jun 04 16:53:16 +0000 2018,0.111,0.726,0.162,"There's an evangelical fight to win back California. Franklin Graham, son of Billy Graham, is urging evangelicals t‚Ä¶ https://t.co/lKExoakYbR",48,nytimes
0.128,Mon Jun 04 16:50:05 +0000 2018,0.096,0.786,0.118,"With so many Democrats running in California congressional races, the party is worried that the vote will be splint‚Ä¶ https://t.co/bsch6Gg1WU",49,nytimes
-0.5267,Mon Jun 04 16:45:04 +0000 2018,0.196,0.804,0.0,California Republicans are worried they may have no candidates for governor or U.S. senator on the state's ballot i‚Ä¶ https://t.co/mIloDF2eYq,50,nytimes
-0.2382,Mon Jun 04 16:40:15 +0000 2018,0.136,0.775,0.09,"California's primary on Tuesday has high stakes for both parties. But Democrats and Republicans are worried, mostly‚Ä¶ https://t.co/IFrTAsB31t",51,nytimes
0.3818,Mon Jun 04 16:35:05 +0000 2018,0.0,0.88,0.12,California is offering some of the biggest opportunities for Democrats to take back the House. Here's a look at wha‚Ä¶ https://t.co/JHYxKwirjS,52,nytimes
0.0,Mon Jun 04 16:30:09 +0000 2018,0.0,1.0,0.0,Apple kicks off its annual conference for developers on Monday at 10 a.m. Pacific time. Here‚Äôs what to expect. https://t.co/FR5lzhfVdb,53,nytimes
0.0,Mon Jun 04 16:20:02 +0000 2018,0.0,1.0,0.0,Patricia Oliver received her son's diploma while wearing a yellow shirt with 5 words on the front: This should be m‚Ä¶ https://t.co/XVAIUhYvQN,54,nytimes
0.0,Mon Jun 04 16:10:05 +0000 2018,0.0,1.0,0.0,"A senior aide to Scott Pruitt worked unpaid to find him housing, book his personal travel to the Rose Bowl and try‚Ä¶ https://t.co/SxQDYaJku6",55,nytimes
0.5719,Mon Jun 04 16:00:06 +0000 2018,0.0,0.866,0.134,"RT @MichaelPaulson: Four years ago, I went to Colorado to write about the baker who turned away a gay couple. Today, he won his case at the‚Ä¶",56,nytimes
-0.2411,Mon Jun 04 15:50:02 +0000 2018,0.103,0.897,0.0,Bill Clinton says he never privately apologized to Monica Lewinsky and doesn't feel that he needs to https://t.co/gkhn4tBjsT,57,nytimes
0.1531,Mon Jun 04 15:40:10 +0000 2018,0.092,0.789,0.118,American Special Operations forces are likely to be sharply cut in Africa as a result of a new Pentagon strategy th‚Ä¶ https://t.co/14XsS7toDL,58,nytimes
-0.9217,Mon Jun 04 15:30:07 +0000 2018,0.504,0.496,0.0,"""It was a despicable display of sexism and grave abuse of authority."" Critics accused Rodrigo Duterte of abusing hi‚Ä¶ https://t.co/nPtUHAJCtA",59,nytimes
-0.0258,Mon Jun 04 15:20:02 +0000 2018,0.052,0.899,0.049,"RT @katie_thomas: ‚ÄúUnlike EpiPen, women are not going to be rising up and saying, ‚ÄòMy vagina is dry and I don‚Äôt want to pay 2,000 to 3,000‚Ä¶",60,nytimes
0.0,Mon Jun 04 15:10:07 +0000 2018,0.0,1.0,0.0,Microsoft has transformed itself into a key player in cloud computing. The company's $7.5 billion purchase of GitHu‚Ä¶ https://t.co/0lWUsfsc8o,61,nytimes
0.2144,Mon Jun 04 15:00:13 +0000 2018,0.074,0.777,0.149,RT @nickconfessore: ‚Äî&gt; New blog post from @facebook exec challenging aspects of our story today. We disagree but worth reading to understan‚Ä¶,62,nytimes
0.4939,Mon Jun 04 14:40:06 +0000 2018,0.0,0.862,0.138,"""When you're not sitting across from someone, you're sitting across from the world."" The joys of a table for one in‚Ä¶ https://t.co/j1Gpb8F0RR",63,nytimes
0.5574,Mon Jun 04 14:35:55 +0000 2018,0.0,0.833,0.167,"Breaking News: The Supreme Court sided with a Colorado baker, voting 7 to 2 in a closely watched case pitting gay r‚Ä¶ https://t.co/R5MFtMr2lR",64,nytimes
-0.296,Mon Jun 04 14:30:07 +0000 2018,0.145,0.855,0.0,Video: Antarctic sea spiders have no lungs or gills. Here's how they breathe. https://t.co/h3Fh9evdd6,65,nytimes
0.0,Mon Jun 04 14:14:00 +0000 2018,0.0,1.0,0.0,"Serena Williams: ""I gave up so much, from the time with my daughter and time with my family. I put everything on th‚Ä¶ https://t.co/rzsDznp7aq",66,nytimes
0.6808,Mon Jun 04 14:05:04 +0000 2018,0.0,0.663,0.337,"Democrats hope an Asian influx will help turn Orange County, California, blue https://t.co/buj8ogiAiA",67,nytimes
0.0,Mon Jun 04 13:51:36 +0000 2018,0.0,1.0,0.0,"RT @gabrieldance: for our story today on facebook‚Äôs data-sharing partnerships with device makers such as BlackBerry, Apple, Samsung, Amazon‚Ä¶",68,nytimes
-0.4102,Mon Jun 04 13:51:05 +0000 2018,0.206,0.701,0.093,"Serena Williams is out of the French Open. No, she didn't lose to Maria Sharapova. She has an injury.  https://t.co/zWjiDjuBMm",69,nytimes
0.0,Mon Jun 04 13:43:04 +0000 2018,0.0,1.0,0.0,"""We got him,"" the officer says on the video, which has been viewed more than 100,000 times on Facebook https://t.co/D3J6bLwKp1",70,nytimes
0.6705,Mon Jun 04 13:30:08 +0000 2018,0.0,0.756,0.244,Steven Mnuchin has so far managed to stay in President Trump's good graces while advocating a more free-trade appro‚Ä¶ https://t.co/Omfw2WJ5Bn,71,nytimes
0.3182,Mon Jun 04 13:29:20 +0000 2018,0.0,0.897,0.103,Breaking News: President Trump said he had the power to pardon himself. It's a sign that he could take extreme acti‚Ä¶ https://t.co/Zyta34EJ9J,72,nytimes
0.4939,Mon Jun 04 13:28:04 +0000 2018,0.0,0.868,0.132,The whale washed ashore with nearly 18 pounds of plastic in its stomach. Veterinarians had tried to save its life a‚Ä¶ https://t.co/ytqVTYrvcR,73,nytimes
0.0,Mon Jun 04 13:16:03 +0000 2018,0.0,1.0,0.0,"Bashar al-Assad plans to visit Kim Jong-un, North Korea's state-run news media said  https://t.co/qbbFm3mISp",74,nytimes
0.0,Mon Jun 04 13:00:15 +0000 2018,0.0,1.0,0.0,Morning¬†Briefing: Here's what you need to know to start your day https://t.co/QfTxN7srSH https://t.co/cGK8aTJAio,75,nytimes
-0.7841,Mon Jun 04 12:45:09 +0000 2018,0.33,0.67,0.0,"A volcano erupted near Guatemala's capital, killing at least 25 people and leaving many more missing https://t.co/hAHd5ezl2m",76,nytimes
-0.6486,Mon Jun 04 12:15:04 +0000 2018,0.227,0.773,0.0,"Nearly 50 years after it was stolen, possible evidence suggests that Caravaggio's ""Nativity"" may have been cut up a‚Ä¶ https://t.co/oqoLmGZLRR",77,nytimes
-0.802,Mon Jun 04 12:10:07 +0000 2018,0.286,0.714,0.0,"The London police have blamed a bleak rap genre, drill, for a rise in violence. They've gotten YouTube to take down‚Ä¶ https://t.co/4Sdt0jDDCg",78,nytimes
-0.5994,Mon Jun 04 12:00:08 +0000 2018,0.196,0.804,0.0,"Your daily @DealBook Briefing:

‚Ä¢ Facebook gave hardware firms deep access to your information.

‚Ä¢ A trade war coul‚Ä¶ https://t.co/HgNljbqfsj",79,nytimes
-0.7579,Mon Jun 04 11:44:05 +0000 2018,0.289,0.711,0.0,"A rare, brain-damaging virus that experts consider a possible epidemic threat has broken out in the state of Kerala‚Ä¶ https://t.co/IpZI8f16bK",80,nytimes
-0.875,Mon Jun 04 11:31:06 +0000 2018,0.417,0.583,0.0,"A suicide bomber targeted a gathering of Afghan religious scholars who were meeting to condemn such attacks, killin‚Ä¶ https://t.co/1nWpleqDlA",81,nytimes
-0.8625,Mon Jun 04 11:14:03 +0000 2018,0.312,0.688,0.0,"A year after the killing of Freddie Gray, a teenager in Baltimore was fatally shot by the police. This is the story‚Ä¶ https://t.co/pYDNFpT6sz",82,nytimes
-0.2732,Mon Jun 04 11:00:07 +0000 2018,0.104,0.896,0.0,"""Westworld"" has been pushing its viewers to the edge of comprehension and beyond this season, our critic writes https://t.co/7cEJIml33w",83,nytimes
0.0,Mon Jun 04 10:43:04 +0000 2018,0.0,1.0,0.0,"The French interior minister called her appearance ""shocking."" The minister of gender equality said she exhibited a‚Ä¶ https://t.co/M7G1ZIZdMm",84,nytimes
0.4019,Mon Jun 04 10:31:03 +0000 2018,0.0,0.87,0.13,"Voters in Slovenia gave victory to a populist party, in elections that tilted another European country to the right https://t.co/XLY7jx8hq6",85,nytimes
-0.6369,Mon Jun 04 10:17:03 +0000 2018,0.259,0.639,0.102,"Razan al-Najjar was trying to help an injured protester when she was fatally shot by Israeli soldiers, witnesses sa‚Ä¶ https://t.co/5YUJZqNwj4",86,nytimes
0.0,Mon Jun 04 10:00:06 +0000 2018,0.0,1.0,0.0,Morning¬†Briefing: Here's what you need to know to start your day https://t.co/DQgjrWZF5x https://t.co/iBuWjefV0u,87,nytimes
-0.6597,Mon Jun 04 09:45:08 +0000 2018,0.206,0.794,0.0,Many women with early-stage breast cancer who would receive chemotherapy under current standards do not actually ne‚Ä¶ https://t.co/d61bmeODHK,88,nytimes
0.4019,Mon Jun 04 09:30:03 +0000 2018,0.0,0.876,0.124,"An Australian politician's partner says his party urged her to have abortion. ""They said, 'If you don't, they're go‚Ä¶ https://t.co/rgF9LudClx",89,nytimes
0.0,Mon Jun 04 09:15:05 +0000 2018,0.0,1.0,0.0,"""You're not going to be able to read"" his next book, Michael Lewis said. ""You're only going to be able to listen to‚Ä¶ https://t.co/b8p2VMwW1j",90,nytimes
0.438,Mon Jun 04 09:00:04 +0000 2018,0.0,0.879,0.121,"""They tried to hit him but he defended himself and pushed them away. He wasn't injured. Then I think they also reco‚Ä¶ https://t.co/ObtN9519mZ",91,nytimes
-0.5106,Mon Jun 04 08:44:03 +0000 2018,0.142,0.858,0.0,"""If it was 5,000 dogs, there would be outrage. If it was 5,000 blonde-haired, blue-eyed women, there would be outra‚Ä¶ https://t.co/MWFMVmPCRG",92,nytimes
-0.0572,Mon Jun 04 08:29:05 +0000 2018,0.075,0.925,0.0,"""Until now they don't understand they can't walk. They don't want to talk about it."" https://t.co/svLZnypLc7",93,nytimes
0.4767,Mon Jun 04 08:16:05 +0000 2018,0.0,0.866,0.134,"Facebook let Apple, Samsung and other device makers tap into the data of users and their friends, raising new conce‚Ä¶ https://t.co/rK744yDfxC",94,nytimes
0.0,Mon Jun 04 08:00:09 +0000 2018,0.0,1.0,0.0,How to finally just make a decision https://t.co/9A2rFVt49h,95,nytimes
0.25,Mon Jun 04 07:45:04 +0000 2018,0.121,0.67,0.21,"RT @nytimesworld: A surprising non-factor in Mexico's presidential campaign? Donald Trump. Voters are focused on domestic problems, not Mr.‚Ä¶",96,nytimes
-0.3818,Mon Jun 04 07:16:55 +0000 2018,0.126,0.874,0.0,"RT @nytimesworld: Emergency workers in Guatemala were searching for survivors after a volcano erupted near the country‚Äôs capital on Sunday,‚Ä¶",97,nytimes
-0.4854,Mon Jun 04 07:03:53 +0000 2018,0.206,0.794,0.0,"""Photographs of atrocity always confront us with questions of inequality. But these questions can no longer simply‚Ä¶ https://t.co/bJizQaMc8F",98,nytimes
-0.3818,Mon Jun 04 06:47:15 +0000 2018,0.126,0.874,0.0,"A 20-page letter from President Trump's lawyers to Robert Mueller, obtained by The New York Times, argues that the‚Ä¶ https://t.co/opg4AKranv",99,nytimes
-0.5574,Mon Jun 04 06:30:43 +0000 2018,0.223,0.777,0.0,At the Gucci graveyard was a runway strafed by fire and lit by the flickering of iron candelabras https://t.co/qnxfUPOrBq,100,nytimes
